g_scientificnName,g_kingdom,g_phylum,g_class,g_order,g_family,g_genus,g_higherGeographyID,g_country,g_locality,g_habitat,times_spotted
"Ablabys macracanthus (Bleeker, 1852)",Animalia,Chordata,Actinopterygii,Scorpaeniformes,Tetrarogidae,Ablabys,"Indian Ocean",Maldives,"Male Atoll","Bodu Gaa",1
"Acanthurus dussumieri Valenciennes, 1835",Animalia,Chordata,Actinopterygii,Perciformes,Acanthuridae,Acanthurus,"Indian Ocean",Maldives,"Nord Nilandhe Atoll",Cliffhanger,1
"Acanthurus leucosternon Bennett, 1833",Animalia,Chordata,Actinopterygii,Perciformes,Acanthuridae,Acanthurus,"Indian Ocean",Maldives,"Nord Nilandhe Atoll","Filitheyo House Reef",3
"Acanthurus leucosternon Bennett, 1833",Animalia,Chordata,Actinopterygii,Perciformes,Acanthuridae,Acanthurus,"Indian Ocean",Maldives,"Rasdhoo Atoll","Veligandu North",1
"Acanthurus leucosternon Bennett, 1833",Animalia,Chordata,Actinopterygii,Perciformes,Acanthuridae,Acanthurus,"Laccadive Sea",Maldives,"Male Atoll","Banana Reef",1
"Acanthurus leucosternon Bennett, 1833",Animalia,Chordata,Actinopterygii,Perciformes,Acanthuridae,Acanthurus,"Laccadive Sea",Maldives,"Male Atoll","Olhuveli Beach Resort & Spa House Reef",1
"Acanthurus lineatus (Linnaeus, 1758)",Animalia,Chordata,Actinopterygii,Perciformes,Acanthuridae,Acanthurus,"Laccadive Sea",Maldives,"Male Atoll","Hp Reef",1
"Aetobatus flagellum (Bloch and Schneider, 1801)",Animalia,Chordata,Elasmobranchii,Rajiformes,Myliobatidae,Aetobatus,"Indian Ocean",Maldives,"Kuramathi (Rasdhoo Atoll)",Caves,1
"Aetobatus flagellum (Bloch and Schneider, 1801)",Animalia,Chordata,Elasmobranchii,Rajiformes,Myliobatidae,Aetobatus,"Laccadive Sea",Maldives,"Kuredu, Lhaviyani Atoll","Kuredu House Reef",1
"Aetobatus narinari (Euphrasen, 1790)",Animalia,Chordata,Elasmobranchii,Rajiformes,Myliobatidae,Aetobatus,"Indian Ocean",Maldives,"Kuramathi (Rasdhoo Atoll)","Laguna Kuramathi",1
"Aetobatus narinari (Euphrasen, 1790)",Animalia,Chordata,Elasmobranchii,Rajiformes,Myliobatidae,Aetobatus,"Indian Ocean",Maldives,"Nord Nilandhe Atoll","Filitheyo House Reef",2
"Aetobatus narinari (Euphrasen, 1790)",Animalia,Chordata,Elasmobranchii,Rajiformes,Myliobatidae,Aetobatus,"Indian Ocean",Maldives,"South Ari Atoll",Madivaru,1
"Aetobatus narinari (Euphrasen, 1790)",Animalia,Chordata,Elasmobranchii,Rajiformes,Myliobatidae,Aetobatus,"Indian Ocean",Maldives,"Vaavu Atoll","Miyaru Kandy",2
"Aetobatus narinari (Euphrasen, 1790)",Animalia,Chordata,Elasmobranchii,Rajiformes,Myliobatidae,Aetobatus,"Laccadive Sea",Maldives,"Ari Atoll","Madivaru Rangali Manta Point",1
"Aetobatus narinari (Euphrasen, 1790)",Animalia,Chordata,Elasmobranchii,Rajiformes,Myliobatidae,Aetobatus,"Laccadive Sea",Maldives,"Dhonveli Island, North Male Atoll",Aquarium,1
"Aetobatus narinari (Euphrasen, 1790)",Animalia,Chordata,Elasmobranchii,Rajiformes,Myliobatidae,Aetobatus,"Laccadive Sea",Maldives,"Male Atoll","Guraidhoo Corner",1
"Aetobatus narinari (Euphrasen, 1790)",Animalia,Chordata,Elasmobranchii,Rajiformes,Myliobatidae,Aetobatus,"Laccadive Sea",Maldives,"Male Atoll","Kandooma Thila",1
"Aetobatus narinari (Euphrasen, 1790)",Animalia,Chordata,Elasmobranchii,Rajiformes,Myliobatidae,Aetobatus,"Laccadive Sea",Maldives,"North Ari Atoll","Fish Head",1
"Aetobatus narinari (Euphrasen, 1790)",Animalia,Chordata,Elasmobranchii,Rajiformes,Myliobatidae,Aetobatus,"Laccadive Sea",Maldives,"North Ari Atoll","Orimas Thila",1
"Aetomylaeus maculatus (Gray, 1834)",Animalia,Chordata,Elasmobranchii,Rajiformes,Myliobatidae,Aetomylaeus,"Indian Ocean",Maldives,"Kuramathi (Rasdhoo Atoll)",Madivaru,1
"Aetomylaeus maculatus (Gray, 1834)",Animalia,Chordata,Elasmobranchii,Rajiformes,Myliobatidae,Aetomylaeus,"Indian Ocean",Maldives,"Nord Nilandhe Atoll","Filitheyo House Reef",2
"Aetomylaeus maculatus (Gray, 1834)",Animalia,Chordata,Elasmobranchii,Rajiformes,Myliobatidae,Aetomylaeus,"Laccadive Sea",Maldives,"Dhonveli Island, North Male Atoll",Aquarium,1
"Aetomylaeus nichofii (Bloch & Schneider, 1801)",Animalia,Chordata,Elasmobranchii,Rajiformes,Myliobatidae,Aetomylaeus,"Indian Ocean",Maldives,"atoll sud","Origandu Finolhu",1
"Aetomylaeus nichofii (Bloch & Schneider, 1801)",Animalia,Chordata,Elasmobranchii,Rajiformes,Myliobatidae,Aetomylaeus,"Indian Ocean",Maldives,"Kuramathi (Rasdhoo Atoll)",Madivaru,1
"Aetomylaeus nichofii (Bloch & Schneider, 1801)",Animalia,Chordata,Elasmobranchii,Rajiformes,Myliobatidae,Aetomylaeus,"Indian Ocean",Maldives,"Nord Nilandhe Atoll","Filitheyo House Reef",1
"Aetomylaeus nichofii (Bloch & Schneider, 1801)",Animalia,Chordata,Elasmobranchii,Rajiformes,Myliobatidae,Aetomylaeus,"Indian Ocean",Maldives,"North Ari Atoll",Fesdu,1
"Alectis ciliaris (Bloch, 1787)",Animalia,Chordata,Actinopterygii,Perciformes,Carangidae,Alectis,"Indian Ocean",Maldives,"Kuramathi (Rasdhoo Atoll)",Madivaru,1
"Alectis ciliaris (Bloch, 1787)",Animalia,Chordata,Actinopterygii,Perciformes,Carangidae,Alectis,"Laccadive Sea",Maldives,"Felidhoo Atoll","Miyaru Kandu",1
"Aluterus scriptus (Osbeck, 1765)",Animalia,Chordata,Actinopterygii,Tetraodontiformes,Monacanthidae,Aluterus,"Laccadive Sea",Maldives,"Male Atoll","Kuda Giri Wreck",1
Amphiprion,Animalia,Chordata,Actinopterygii,Perciformes,Pomacentridae,Amphiprion,"Laccadive Sea",Maldives,"Male Atoll","Nalaguraidhoo Thila",1
"Amphiprion clarkii (Bennett, 1830)",Animalia,Chordata,Actinopterygii,Perciformes,Pomacentridae,Amphiprion,"Dhuni Kohlu",Maldives,"Baa atoll ","Medhu Thila",1
"Amphiprion clarkii (Bennett, 1830)",Animalia,Chordata,Actinopterygii,Perciformes,Pomacentridae,Amphiprion,"Indian Ocean",Maldives,"Ari Atoll","Moofushi House Reef",2
"Amphiprion clarkii (Bennett, 1830)",Animalia,Chordata,Actinopterygii,Perciformes,Pomacentridae,Amphiprion,"Indian Ocean",Maldives,"Male Atoll","Waa Ggiri",1
"Amphiprion clarkii (Bennett, 1830)",Animalia,Chordata,Actinopterygii,Perciformes,Pomacentridae,Amphiprion,"Indian Ocean",Maldives,"Nord Nilandhe Atoll",Cliffhanger,1
"Amphiprion clarkii (Bennett, 1830)",Animalia,Chordata,Actinopterygii,Perciformes,Pomacentridae,Amphiprion,"Laccadive Sea",Maldives,"Ari Atoll","Rangali Madivaru",1
"Amphiprion clarkii (Bennett, 1830)",Animalia,Chordata,Actinopterygii,Perciformes,Pomacentridae,Amphiprion,"Laccadive Sea",Maldives,"Male Atoll","Kuda Giri Wreck",1
"Amphiprion frenatus Brevoort, 1856",Animalia,Chordata,Actinopterygii,Perciformes,Pomacentridae,Amphiprion,"Indian Ocean",Maldives,"Ari Atoll","Moofushi House Reef",1
"Amphiprion frenatus Brevoort, 1856",Animalia,Chordata,Actinopterygii,Perciformes,Pomacentridae,Amphiprion,"Laccadive Sea",Maldives,"Male Atoll","Kuda Giri Wreck",1
"Amphiprion nigripes Regan, 1908",Animalia,Chordata,Actinopterygii,Perciformes,Pomacentridae,Amphiprion,"Dhuni Kohlu",Maldives,"Baa atoll ","Medhu Thila",1
"Amphiprion nigripes Regan, 1908",Animalia,Chordata,Actinopterygii,Perciformes,Pomacentridae,Amphiprion,"Indian Ocean",Maldives,"Kuramathi (Rasdhoo Atoll)","Laguna Kuramathi",1
"Amphiprion nigripes Regan, 1908",Animalia,Chordata,Actinopterygii,Perciformes,Pomacentridae,Amphiprion,"Indian Ocean",Maldives,"Male' Atoll","Manta Point",1
"Amphiprion nigripes Regan, 1908",Animalia,Chordata,Actinopterygii,Perciformes,Pomacentridae,Amphiprion,"Indian Ocean",Maldives,"Nord Nilandhe Atoll, Filitheyo","Two Brothers",1
"Amphiprion nigripes Regan, 1908",Animalia,Chordata,Actinopterygii,Perciformes,Pomacentridae,Amphiprion,"Indian Ocean",Maldives,"Rasdhoo Atoll","Veligandu North",1
"Amphiprion nigripes Regan, 1908",Animalia,Chordata,Actinopterygii,Perciformes,Pomacentridae,Amphiprion,"Indian Ocean",Maldives,"Vaavu Atoll","Miyaru Thila",1
"Amphiprion nigripes Regan, 1908",Animalia,Chordata,Actinopterygii,Perciformes,Pomacentridae,Amphiprion,"Laccadive Sea",Maldives,"Ari Atoll","Rangali Madivaru",1
"Amphiprion nigripes Regan, 1908",Animalia,Chordata,Actinopterygii,Perciformes,Pomacentridae,Amphiprion,"Laccadive Sea",Maldives,"Dhonveli Island, North Male Atoll",Aquarium,1
"Amphiprion nigripes Regan, 1908",Animalia,Chordata,Actinopterygii,Perciformes,Pomacentridae,Amphiprion,"Laccadive Sea",Maldives,"Male Atoll","Banana Reef",1
"Amphiprion nigripes Regan, 1908",Animalia,Chordata,Actinopterygii,Perciformes,Pomacentridae,Amphiprion,"Laccadive Sea",Maldives,"Male Atoll","Kuda Giri Wreck",2
"Amphiprion nigripes Regan, 1908",Animalia,Chordata,Actinopterygii,Perciformes,Pomacentridae,Amphiprion,"Laccadive Sea",Maldives,"North Ari Atoll","Orimas Thila",1
"Amphiprion nigripes Regan, 1908",Animalia,Chordata,Actinopterygii,Perciformes,Pomacentridae,Amphiprion,"North Ari Atoll",Maldives,"South Ari Atoll","Bulha Llohi",1
"Antennarius coccineus (Lesson, 1831)",Animalia,Chordata,Actinopterygii,Lophiiformes,Antennariidae,Antennarius,"Indian Ocean",Maldives,"North Ari Atoll","Fesdu Lagoon",1
"Antennarius coccineus (Lesson, 1831)",Animalia,Chordata,Actinopterygii,Lophiiformes,Antennariidae,Antennarius,"Indian Ocean",Maldives,"North Ari Atoll","Fesdu Wreck",1
"Antennarius commerson (Latreille, 1804)",Animalia,Chordata,Actinopterygii,Lophiiformes,Antennariidae,Antennarius,"Indian Ocean",Maldives,"Nord Nilandhe Atoll","Filitheyo House Reef",1
"Arothron nigropunctatus (Bloch & Schneider, 1801)",Animalia,Chordata,Actinopterygii,Tetraodontiformes,Tetraodontidae,Arothron,"Indian Ocean",Maldives,"Nord Nilandhe Atoll","Filitheyo House Reef",1
"Balistoides conspicillum (Bloch and Schneider, 1801)",Animalia,Chordata,Actinopterygii,Tetraodontiformes,Balistidae,Balistoides,"Laccadive Sea",Maldives,"Kuredu, Lhaviyani Atoll","Kuredu House Reef",1
"Balistoides conspicillum (Bloch and Schneider, 1801)",Animalia,Chordata,Actinopterygii,Tetraodontiformes,Balistidae,Balistoides,"Laccadive Sea",Maldives,"Lhaviyani Atoll","Bodu Giri",1
"Balistoides conspicillum (Bloch and Schneider, 1801)",Animalia,Chordata,Actinopterygii,Tetraodontiformes,Balistidae,Balistoides,"Laccadive Sea",Maldives,"North Ari Atoll","Maaya Thila",1
"Balistoides viridescens (Bloch and Schneider, 1801)",Animalia,Chordata,Actinopterygii,Tetraodontiformes,Balistidae,Balistoides,"Indian Ocean",Maldives,"Rasdhoo Atoll","Veligandu North",1
"Balistoides viridescens (Bloch and Schneider, 1801)",Animalia,Chordata,Actinopterygii,Tetraodontiformes,Balistidae,Balistoides,"Indian Ocean",Maldives,"South Ari Atoll","Bappolhi Thila",1
"Balistoides viridescens (Bloch and Schneider, 1801)",Animalia,Chordata,Actinopterygii,Tetraodontiformes,Balistidae,Balistoides,"Laccadive Sea",Maldives,"Male Atoll","Kuda Giri Wreck",1
"Balistoides viridescens (Bloch and Schneider, 1801)",Animalia,Chordata,Actinopterygii,Tetraodontiformes,Balistidae,Balistoides,"Laccadive Sea",Maldives,"North Ari Atoll","Hafsa Thila",1
"Bothus mancus (Broussonet, 1782)",Animalia,Chordata,Actinopterygii,Pleuronectiformes,Bothidae,Bothus,"Indian Ocean",Maldives,"North Male Atoll","Potato Thila",1
"Brachypterois serrulata (Richardson, 1846)",Animalia,Chordata,Actinopterygii,Scorpaeniformes,Scorpaenidae,Brachypterois,"Laccadive Sea",Maldives,"South Ari Atoll","Kuhdi Maa Wreck, Centara",1
"Caesio teres Seale, 1906",Animalia,Chordata,Actinopterygii,Perciformes,Caesionidae,Caesio,"Indian Ocean",Maldives,"Nord Nilandhe Atoll, Filitheyo","Bodu Beru",1
"Caesio teres Seale, 1906",Animalia,Chordata,Actinopterygii,Perciformes,Caesionidae,Caesio,"Indian Ocean",Maldives,"Nord Nilandhe Atoll, Filitheyo","Ibura Tila",1
"Caesio teres Seale, 1906",Animalia,Chordata,Actinopterygii,Perciformes,Caesionidae,Caesio,"Indian Ocean",Maldives,"Nord Nilandhe Atoll, Filitheyo","Takatuka Land",1
"Canthigaster bennetti (Bleeker, 1854)",Animalia,Chordata,Actinopterygii,Tetraodontiformes,Tetraodontidae,Canthigaster,"Medhufushi Meemu Atoll",Maldives,"Medhufushi Meemu Atoll","Mantas And More Medhufushi Meemu Atoll",1
"Canthigaster rostrata (Bloch, 1786)",Animalia,Chordata,Actinopterygii,Tetraodontiformes,Tetraodontidae,Canthigaster,"Laccadive Sea",Maldives,"Male Atoll","Kuda Giri Wreck",1
"Canthigaster valentini (Bleeker, 1853)",Animalia,Chordata,Actinopterygii,Tetraodontiformes,Tetraodontidae,Canthigaster,"Indian Ocean",Maldives,"Nord Nilandhe Atoll, Filitheyo","The Cathedral",1
"Canthigaster valentini (Bleeker, 1853)",Animalia,Chordata,Actinopterygii,Tetraodontiformes,Tetraodontidae,Canthigaster,"Laccadive Sea",Maldives,"Kuredu, Lhaviyani Atoll","Kuredu House Reef",1
"Carangoides ferdau (Forsskål, 1775)",Animalia,Chordata,Actinopterygii,Perciformes,Carangidae,Carangoides,"Indian Ocean",Maldives,"Vaavu Atoll","Alimatha Jetty",1
"Caranx ignobilis (Forsskål, 1775)",Animalia,Chordata,Actinopterygii,Perciformes,Carangidae,Caranx,"Indian Ocean",Maldives,"Kuramathi (Rasdhoo Atoll)",Madivaru,1
"Caranx ignobilis (Forsskål, 1775)",Animalia,Chordata,Actinopterygii,Perciformes,Carangidae,Caranx,"Indian Ocean",Maldives,"Vaavu Atoll","Alimatha Jetty",1
"Caranx ignobilis (Forsskål, 1775)",Animalia,Chordata,Actinopterygii,Perciformes,Carangidae,Caranx,"Laccadive Sea",Maldives,"North Ari Atoll","Maaya Thila",1
"Caranx melampygus Cuvier, 1833",Animalia,Chordata,Actinopterygii,Perciformes,Carangidae,Caranx,"Indian Ocean",Maldives,"Rasdhoo Atoll","Veligandu North",1
"Caranx melampygus Cuvier, 1833",Animalia,Chordata,Actinopterygii,Perciformes,Carangidae,Caranx,"Indian Ocean",Maldives,"South Ari Atoll","Vilamendhoo Thila",1
"Caranx melampygus Cuvier, 1833",Animalia,Chordata,Actinopterygii,Perciformes,Carangidae,Caranx,"Laccadive Sea",Maldives,"Lhaviyani Atoll","Anemone Thila",1
"Caranx tille Cuvier, 1833",Animalia,Chordata,Actinopterygii,Perciformes,Carangidae,Caranx,"Laccadive Sea",Maldives,"Ari Atoll","Kari Beiru Thila",1
"Caranx tille Cuvier, 1833",Animalia,Chordata,Actinopterygii,Perciformes,Carangidae,Caranx,"Océan indien",Maldives,"Ari Atoll Nord","Maaya Thila",1
"Carcharhinus albimarginatus (Rüppell, 1837)",Animalia,Chordata,Elasmobranchii,Carcharhiniformes,Carcharhinidae,Carcharhinus,"Indian Ocean",Maldives,"Kuramathi (Rasdhoo Atoll)",Madivaru,1
"Carcharhinus albimarginatus (Rüppell, 1837)",Animalia,Chordata,Elasmobranchii,Carcharhiniformes,Carcharhinidae,Carcharhinus,"Laccadive Sea",Maldives,"Ari Atoll","Rangali Madivaru",1
"Carcharhinus albimarginatus (Rüppell, 1837)",Animalia,Chordata,Elasmobranchii,Carcharhiniformes,Carcharhinidae,Carcharhinus,"Laccadive Sea",Maldives,"North Ari Atoll","Hafsa Thila",1
"Carcharhinus albimarginatus (Rüppell, 1837)",Animalia,Chordata,Elasmobranchii,Carcharhiniformes,Carcharhinidae,Carcharhinus,"Laccadive Sea",Maldives,"South Male Atoll","Kandhooma Thila",1
"Carcharhinus albimarginatus (Rüppell, 1837)",Animalia,Chordata,Elasmobranchii,Carcharhiniformes,Carcharhinidae,Carcharhinus,"North Ari Atoll",Maldives,"Ari Atoll","Angothi Thila",1
"Carcharhinus amblyrhynchos (Bleeker, 1856)",Animalia,Chordata,Elasmobranchii,Carcharhiniformes,Carcharhinidae,Carcharhinus,"Indian Ocean",Maldives,"Kuramathi (Rasdhoo Atoll)","Hammerhead Point",1
"Carcharhinus amblyrhynchos (Bleeker, 1856)",Animalia,Chordata,Elasmobranchii,Carcharhiniformes,Carcharhinidae,Carcharhinus,"Indian Ocean",Maldives,"North Ari Atoll","Fish Head",1
"Carcharhinus amblyrhynchos (Bleeker, 1856)",Animalia,Chordata,Elasmobranchii,Carcharhiniformes,Carcharhinidae,Carcharhinus,"Indian Ocean",Maldives,"South Ari Atoll","Shark Point",2
"Carcharhinus amblyrhynchos (Bleeker, 1856)",Animalia,Chordata,Elasmobranchii,Carcharhiniformes,Carcharhinidae,Carcharhinus,"Indian Ocean",Maldives,"Vaavu Atoll","Miyaru Kandy",1
"Carcharhinus amblyrhynchos (Bleeker, 1856)",Animalia,Chordata,Elasmobranchii,Carcharhiniformes,Carcharhinidae,Carcharhinus,"Laccadive Sea",Maldives,"Ari Atoll","Maalhos Thila",1
"Carcharhinus amblyrhynchos (Bleeker, 1856)",Animalia,Chordata,Elasmobranchii,Carcharhiniformes,Carcharhinidae,Carcharhinus,"Laccadive Sea",Maldives,"North Ari Atoll","Bathalaa Maagaa Kan Thila",1
"Carcharhinus amblyrhynchos (Bleeker, 1856)",Animalia,Chordata,Elasmobranchii,Carcharhiniformes,Carcharhinidae,Carcharhinus,"Laccadive Sea",Maldives,"North Ari Atoll","Hafsa Thila",1
"Carcharhinus amblyrhynchos (Bleeker, 1856)",Animalia,Chordata,Elasmobranchii,Carcharhiniformes,Carcharhinidae,Carcharhinus,"Laccadive Sea",Maldives,"North Ari Atoll","Maaya Thila",1
"Carcharhinus amblyrhynchos (Bleeker, 1856)",Animalia,Chordata,Elasmobranchii,Carcharhiniformes,Carcharhinidae,Carcharhinus,"Laccadive Sea",Maldives,"North Ari Atoll","Safari Island Lagoon",1
"Carcharhinus limbatus (Müller and Henle, 1839)",Animalia,Chordata,Elasmobranchii,Carcharhiniformes,Carcharhinidae,Carcharhinus,"Indian Ocean",Maldives,"Ari Atoll","Moofushi Channel",1
"Carcharhinus limbatus (Müller and Henle, 1839)",Animalia,Chordata,Elasmobranchii,Carcharhiniformes,Carcharhinidae,Carcharhinus,"Indian Ocean",Maldives,"Kuramathi (Rasdhoo Atoll)",Madivaru,1
"Carcharhinus limbatus (Müller and Henle, 1839)",Animalia,Chordata,Elasmobranchii,Carcharhiniformes,Carcharhinidae,Carcharhinus,"Indian Ocean",Maldives,"Kuramathi (Rasdhoo Atoll)","Three Palms",1
"Carcharhinus limbatus (Müller and Henle, 1839)",Animalia,Chordata,Elasmobranchii,Carcharhiniformes,Carcharhinidae,Carcharhinus,"Indian Ocean",Maldives,"Nord Nilandhe Atoll","Filitheyo House Reef",2
"Carcharhinus limbatus (Müller and Henle, 1839)",Animalia,Chordata,Elasmobranchii,Carcharhiniformes,Carcharhinidae,Carcharhinus,"Indian Ocean",Maldives,"Nord Nilandhe Atoll, Filitheyo","Seven Stingrays",1
"Carcharhinus limbatus (Müller and Henle, 1839)",Animalia,Chordata,Elasmobranchii,Carcharhiniformes,Carcharhinidae,Carcharhinus,"Indian Ocean",Maldives,"Vaavu Atoll","Alimatha Jetty",1
"Carcharhinus limbatus (Müller and Henle, 1839)",Animalia,Chordata,Elasmobranchii,Carcharhiniformes,Carcharhinidae,Carcharhinus,"Laccadive Sea",Maldives,"Ari Atoll","Bodu Tin Thila",1
"Carcharhinus limbatus (Müller and Henle, 1839)",Animalia,Chordata,Elasmobranchii,Carcharhiniformes,Carcharhinidae,Carcharhinus,"Laccadive Sea",Maldives,"Ari Atoll","Fish Head Mushi Mas Mingili Thila",1
"Carcharhinus limbatus (Müller and Henle, 1839)",Animalia,Chordata,Elasmobranchii,Carcharhiniformes,Carcharhinidae,Carcharhinus,"Laccadive Sea",Maldives,"Ari Atoll","Maya Thila",1
"Carcharhinus limbatus (Müller and Henle, 1839)",Animalia,Chordata,Elasmobranchii,Carcharhiniformes,Carcharhinidae,Carcharhinus,"Laccadive Sea",Maldives,"Male Atoll","Banana Reef",1
"Carcharhinus limbatus (Müller and Henle, 1839)",Animalia,Chordata,Elasmobranchii,Carcharhiniformes,Carcharhinidae,Carcharhinus,"Laccadive Sea",Maldives,"Male Atoll","Kandooma Thila",1
"Carcharhinus limbatus (Müller and Henle, 1839)",Animalia,Chordata,Elasmobranchii,Carcharhiniformes,Carcharhinidae,Carcharhinus,"Laccadive Sea",Maldives,"North Ari Atoll","Bathalaa Maagaa Kan Thila",2
"Carcharhinus limbatus (Müller and Henle, 1839)",Animalia,Chordata,Elasmobranchii,Carcharhiniformes,Carcharhinidae,Carcharhinus,"Laccadive Sea",Maldives,"North Ari Atoll","Hafsa Thila",1
"Carcharhinus limbatus (Müller and Henle, 1839)",Animalia,Chordata,Elasmobranchii,Carcharhiniformes,Carcharhinidae,Carcharhinus,"Laccadive Sea",Maldives,"South Ari Atoll","Kuhdi Maa Wreck, Centara",1
"Carcharhinus limbatus (Müller and Henle, 1839)",Animalia,Chordata,Elasmobranchii,Carcharhiniformes,Carcharhinidae,Carcharhinus,"Male Atoll",Maldives,"Kurumba Island Resort, North Male Atoll","Kurumba House Reef",1
"Carcharhinus limbatus (Müller and Henle, 1839)",Animalia,Chordata,Elasmobranchii,Carcharhiniformes,Carcharhinidae,Carcharhinus,"North Ari Atoll",Maldives,"South Ari Atoll","Bulha Llohi",1
"Carcharhinus limbatus (Müller and Henle, 1839)",Animalia,Chordata,Elasmobranchii,Carcharhiniformes,Carcharhinidae,Carcharhinus,"Océan indien",Maldives,"Rasdhoo Atoll","Rasdhoo Madivaru",1
"Carcharhinus longimanus (Poey, 1861)",Animalia,Chordata,Elasmobranchii,Carcharhiniformes,Carcharhinidae,Carcharhinus,"Indian Ocean",Maldives,"Ari Atoll","Moofushi Channel",1
"Carcharhinus longimanus (Poey, 1861)",Animalia,Chordata,Elasmobranchii,Carcharhiniformes,Carcharhinidae,Carcharhinus,"Indian Ocean",Maldives,"Nord Nilandhe Atoll","Filitheyo House Reef",2
"Carcharhinus longimanus (Poey, 1861)",Animalia,Chordata,Elasmobranchii,Carcharhiniformes,Carcharhinidae,Carcharhinus,"Laccadive Sea",Maldives,"Ari Atoll","Fish Head Mushi Mas Mingili Thila",1
"Carcharhinus longimanus (Poey, 1861)",Animalia,Chordata,Elasmobranchii,Carcharhiniformes,Carcharhinidae,Carcharhinus,"Laccadive Sea",Maldives,"North Ari Atoll","Bathalaa Maagaa Kan Thila",1
"Carcharhinus longimanus (Poey, 1861)",Animalia,Chordata,Elasmobranchii,Carcharhiniformes,Carcharhinidae,Carcharhinus,"Laccadive Sea",Maldives,"North Ari Atoll","Hafsa Thila",1
"Carcharhinus longimanus (Poey, 1861)",Animalia,Chordata,Elasmobranchii,Carcharhiniformes,Carcharhinidae,Carcharhinus,"Laccadive Sea",Maldives,"South Ari Atoll","Maamigili Beyru",1
"Carcharhinus longimanus (Poey, 1861)",Animalia,Chordata,Elasmobranchii,Carcharhiniformes,Carcharhinidae,Carcharhinus,"Male Atoll",Maldives,"Kurumba Island Resort, North Male Atoll","Kurumba House Reef",1
"Carcharhinus longimanus (Poey, 1861)",Animalia,Chordata,Elasmobranchii,Carcharhiniformes,Carcharhinidae,Carcharhinus,"Océan indien",Maldives,"Rasdhoo Atoll","Rasdhoo Madivaru",1
"Carcharhinus melanopterus (Quoy and Gaimard, 1824)",Animalia,Chordata,Elasmobranchii,Carcharhiniformes,Carcharhinidae,Carcharhinus,"Indian Ocean",Maldives,"atoll sud","Origandu Finolhu",1
"Carcharhinus melanopterus (Quoy and Gaimard, 1824)",Animalia,Chordata,Elasmobranchii,Carcharhiniformes,Carcharhinidae,Carcharhinus,"Indian Ocean",Maldives,"Kuramathi (Rasdhoo Atoll)",Madivaru,1
"Carcharhinus melanopterus (Quoy and Gaimard, 1824)",Animalia,Chordata,Elasmobranchii,Carcharhiniformes,Carcharhinidae,Carcharhinus,"Indian Ocean",Maldives,"Kurumba Island Resort, North Male Atoll","Kurumba Reef",1
"Carcharhinus melanopterus (Quoy and Gaimard, 1824)",Animalia,Chordata,Elasmobranchii,Carcharhiniformes,Carcharhinidae,Carcharhinus,"Indian Ocean",Maldives,"Nord Nilandhe Atoll","Filitheyo House Reef",1
"Carcharhinus melanopterus (Quoy and Gaimard, 1824)",Animalia,Chordata,Elasmobranchii,Carcharhiniformes,Carcharhinidae,Carcharhinus,"Indian Ocean",Maldives,"Nord Nilandhe Atoll","Little Channel South",1
"Carcharhinus melanopterus (Quoy and Gaimard, 1824)",Animalia,Chordata,Elasmobranchii,Carcharhiniformes,Carcharhinidae,Carcharhinus,"Indian Ocean",Maldives,"Nord Nilandhe Atoll, Filitheyo","Ibura Tila",1
"Carcharhinus melanopterus (Quoy and Gaimard, 1824)",Animalia,Chordata,Elasmobranchii,Carcharhiniformes,Carcharhinidae,Carcharhinus,"Indian Ocean",Maldives,"Nord Nilandhe Atoll, Filitheyo","The Cathedral",1
"Carcharhinus melanopterus (Quoy and Gaimard, 1824)",Animalia,Chordata,Elasmobranchii,Carcharhiniformes,Carcharhinidae,Carcharhinus,"Indian Ocean",Maldives,"Rasdhoo Atoll","Veligandu North",1
"Carcharhinus melanopterus (Quoy and Gaimard, 1824)",Animalia,Chordata,Elasmobranchii,Carcharhiniformes,Carcharhinidae,Carcharhinus,"Indian Ocean",Maldives,"South Ari Atoll","Bappolhi Thila",1
"Carcharhinus melanopterus (Quoy and Gaimard, 1824)",Animalia,Chordata,Elasmobranchii,Carcharhiniformes,Carcharhinidae,Carcharhinus,"Indian Ocean",Maldives,"South Ari Atoll","Shark Point",2
"Carcharhinus melanopterus (Quoy and Gaimard, 1824)",Animalia,Chordata,Elasmobranchii,Carcharhiniformes,Carcharhinidae,Carcharhinus,"Laccadive Sea",Maldives,"Ari Atoll","Fish Head Mushi Mas Mingili Thila",1
"Carcharhinus melanopterus (Quoy and Gaimard, 1824)",Animalia,Chordata,Elasmobranchii,Carcharhiniformes,Carcharhinidae,Carcharhinus,"Laccadive Sea",Maldives,"Ari Atoll","Maya Thila",1
"Carcharhinus melanopterus (Quoy and Gaimard, 1824)",Animalia,Chordata,Elasmobranchii,Carcharhiniformes,Carcharhinidae,Carcharhinus,"Laccadive Sea",Maldives,"Lhaviyani Atoll","Kuredu Express",1
"Carcharhinus melanopterus (Quoy and Gaimard, 1824)",Animalia,Chordata,Elasmobranchii,Carcharhiniformes,Carcharhinidae,Carcharhinus,"Laccadive Sea",Maldives,"North Ari Atoll","Maaya Thila",2
"Carcharhinus obscurus (Lesueur, 1818)",Animalia,Chordata,Elasmobranchii,Carcharhiniformes,Carcharhinidae,Carcharhinus,"Océan indien",Maldives,"Ari Atoll sud","Maamigili Beyru",1
"Carcharhinus sorrah (Müller and Henle, 1839)",Animalia,Chordata,Elasmobranchii,Carcharhiniformes,Carcharhinidae,Carcharhinus,"Indian Ocean",Maldives,"Vaavu Atoll","Miyaru Kandu",1
"Carcharhinus sorrah (Müller and Henle, 1839)",Animalia,Chordata,Elasmobranchii,Carcharhiniformes,Carcharhinidae,Carcharhinus,"Laccadive Sea",Maldives,"Lhaviyani Atoll","Kuredu Express",1
"Carcharhinus sorrah (Müller and Henle, 1839)",Animalia,Chordata,Elasmobranchii,Carcharhiniformes,Carcharhinidae,Carcharhinus,"Laccadive Sea",Maldives,"South Ari Atoll","Maamigili Beyru",1
"Cephalopholis leopardus (Lacepède, 1801)",Animalia,Chordata,Actinopterygii,Perciformes,Serranidae,Cephalopholis,"Indian Ocean",Maldives,"Ari Atoll","Moofushi House Reef",2
"Cephalopholis spiloparaea (Valenciennes, 1828)",Animalia,Chordata,Actinopterygii,Perciformes,Serranidae,Cephalopholis,"Laccadive Sea",Maldives,"Lhaviyani Atoll","Anemone Thila",1
"Cephalopholis spiloparaea (Valenciennes, 1828)",Animalia,Chordata,Actinopterygii,Perciformes,Serranidae,Cephalopholis,"Laccadive Sea",Maldives,"Lhaviyani Atoll","Bodu Giri",1
"Cetoscarus bicolor (Rüppell, 1829)",Animalia,Chordata,Actinopterygii,Perciformes,Scaridae,Cetoscarus,"Laccadive Sea",Maldives,"Kuredu, Lhaviyani Atoll","Kuredu House Reef",1
"Chaetodon auriga Forsskål, 1775",Animalia,Chordata,Actinopterygii,Perciformes,Chaetodontidae,Chaetodon,"Indian Ocean",Maldives,"Kuramathi (Rasdhoo Atoll)","Laguna Kuramathi",1
"Chaetodon auriga Forsskål, 1775",Animalia,Chordata,Actinopterygii,Perciformes,Chaetodontidae,Chaetodon,"Indian Ocean",Maldives,"Nord Nilandhe Atoll, Filitheyo","Ibura Tila",1
"Chaetodon auriga Forsskål, 1775",Animalia,Chordata,Actinopterygii,Perciformes,Chaetodontidae,Chaetodon,"Indian Ocean",Maldives,"Rasdhoo Atoll","Veligandu North",1
"Chaetodon auriga Forsskål, 1775",Animalia,Chordata,Actinopterygii,Perciformes,Chaetodontidae,Chaetodon,"Laccadive Sea",Maldives,"Kuredu, Lhaviyani Atoll","Kuredu House Reef",1
"Chaetodon citrinellus Cuvier, 1831",Animalia,Chordata,Actinopterygii,Perciformes,Chaetodontidae,Chaetodon,"Indian Ocean",Maldives,"Nord Nilandhe Atoll, Filitheyo","Bodu Beru",1
"Chaetodon falcula Bloch, 1795",Animalia,Chordata,Actinopterygii,Perciformes,Chaetodontidae,Chaetodon,"Indian Ocean",Maldives,"Kuramathi (Rasdhoo Atoll)","Laguna Kuramathi",1
"Chaetodon falcula Bloch, 1795",Animalia,Chordata,Actinopterygii,Perciformes,Chaetodontidae,Chaetodon,"Indian Ocean",Maldives,"Rasdhoo Atoll","Veligandu North",1
"Chaetodon falcula Bloch, 1795",Animalia,Chordata,Actinopterygii,Perciformes,Chaetodontidae,Chaetodon,"Laccadive Sea",Maldives,"Ari Atoll","Rangali Madivaru",1
"Chaetodon lineolatus Cuvier, 1831",Animalia,Chordata,Actinopterygii,Perciformes,Chaetodontidae,Chaetodon,"Laccadive Sea",Maldives,"Kuredu, Lhaviyani Atoll","Kuredu House Reef",1
"Chaetodon lunula (Lacepède, 1802)",Animalia,Chordata,Actinopterygii,Perciformes,Chaetodontidae,Chaetodon,"Indian Ocean",Maldives,"Kuramathi (Rasdhoo Atoll)","Laguna Kuramathi",1
"Chaetodon lunula (Lacepède, 1802)",Animalia,Chordata,Actinopterygii,Perciformes,Chaetodontidae,Chaetodon,"Indian Ocean",Maldives,"Rasdhoo Atoll","Veligandu North",1
"Chaetodon melannotus Bloch and Schneider, 1801",Animalia,Chordata,Actinopterygii,Perciformes,Chaetodontidae,Chaetodon,"Laccadive Sea",Maldives,"Ari Atoll","Rangali Madivaru",1
"Chaetodon plebeius Cuvier, 1831",Animalia,Chordata,Actinopterygii,Perciformes,Chaetodontidae,Chaetodon,"Indian Ocean",Maldives,"Kuramathi (Rasdhoo Atoll)","Laguna Kuramathi",1
"Chaetodon unimaculatus Bloch, 1787",Animalia,Chordata,Actinopterygii,Perciformes,Chaetodontidae,Chaetodon,"Indian Ocean",Maldives,"Kuramathi (Rasdhoo Atoll)","Laguna Kuramathi",1
"Chaetodon unimaculatus Bloch, 1787",Animalia,Chordata,Actinopterygii,Perciformes,Chaetodontidae,Chaetodon,"Indian Ocean",Maldives,"Rasdhoo Atoll","Veligandu North",1
"Chaetodon vagabundus Linnaeus, 1758",Animalia,Chordata,Actinopterygii,Perciformes,Chaetodontidae,Chaetodon,"Indian Ocean",Maldives,"Rasdhoo Atoll","Veligandu North",1
"Chaetodon vagabundus Linnaeus, 1758",Animalia,Chordata,Actinopterygii,Perciformes,Chaetodontidae,Chaetodon,"Laccadive Sea",Maldives,"Ari Atoll","Rangali Madivaru",1
"Cheilinus trilobatus Lacepède, 1801",Animalia,Chordata,Actinopterygii,Perciformes,Labridae,Cheilinus,"Laccadive Sea",Maldives,"Dhonveli Island, North Male Atoll",Aquarium,1
"Cheilinus undulatus Rüppell, 1835",Animalia,Chordata,Actinopterygii,Perciformes,Labridae,Cheilinus,"Fonimagoodhoo Island, Baa Atoll",Maldives,"Fonimagoodhoo Island, Baa Atoll","Reethi House Reef",1
"Cheilinus undulatus Rüppell, 1835",Animalia,Chordata,Actinopterygii,Perciformes,Labridae,Cheilinus,"Indian Ocean",Maldives,"Ari Atoll","Moofushi Channel",1
"Cheilinus undulatus Rüppell, 1835",Animalia,Chordata,Actinopterygii,Perciformes,Labridae,Cheilinus,"Indian Ocean",Maldives,"Ari Atoll","Moofushi House Reef",1
"Cheilinus undulatus Rüppell, 1835",Animalia,Chordata,Actinopterygii,Perciformes,Labridae,Cheilinus,"Indian Ocean",Maldives,"Kuramathi (Rasdhoo Atoll)",Madivaru,1
"Cheilinus undulatus Rüppell, 1835",Animalia,Chordata,Actinopterygii,Perciformes,Labridae,Cheilinus,"Indian Ocean",Maldives,"Male' Atoll","Manta Point",1
"Cheilinus undulatus Rüppell, 1835",Animalia,Chordata,Actinopterygii,Perciformes,Labridae,Cheilinus,"Indian Ocean",Maldives,"Nord Nilandhe Atoll, Filitheyo","Two Brothers",1
"Cheilinus undulatus Rüppell, 1835",Animalia,Chordata,Actinopterygii,Perciformes,Labridae,Cheilinus,"Indian Ocean",Maldives,"Vaavu Atoll","Alimatha Jetty",1
"Cheilinus undulatus Rüppell, 1835",Animalia,Chordata,Actinopterygii,Perciformes,Labridae,Cheilinus,"Indian Ocean",Maldives,"Vaavu Atoll","Miyaru Kandu",1
"Cheilinus undulatus Rüppell, 1835",Animalia,Chordata,Actinopterygii,Perciformes,Labridae,Cheilinus,"Indian Sea",Maldives,"Nord Nilandhe Atoll, Filitheyo","Lighthouse Chanel",1
"Cheilinus undulatus Rüppell, 1835",Animalia,Chordata,Actinopterygii,Perciformes,Labridae,Cheilinus,"Laccadive Sea",Maldives,"Ari Atoll","Fish Head Mushi Mas Mingili Thila",1
"Cheilinus undulatus Rüppell, 1835",Animalia,Chordata,Actinopterygii,Perciformes,Labridae,Cheilinus,"Laccadive Sea",Maldives,"Ari Atoll","Kari Beiru Thila",1
"Cheilinus undulatus Rüppell, 1835",Animalia,Chordata,Actinopterygii,Perciformes,Labridae,Cheilinus,"Laccadive Sea",Maldives,"Ari Atoll","Kuda Thila",2
"Cheilinus undulatus Rüppell, 1835",Animalia,Chordata,Actinopterygii,Perciformes,Labridae,Cheilinus,"Laccadive Sea",Maldives,"Lhaviyani Atoll","Bodu Giri",1
"Cheilinus undulatus Rüppell, 1835",Animalia,Chordata,Actinopterygii,Perciformes,Labridae,Cheilinus,"Laccadive Sea",Maldives,"Lhaviyani Atoll","Mashura Outreef",1
"Cheilinus undulatus Rüppell, 1835",Animalia,Chordata,Actinopterygii,Perciformes,Labridae,Cheilinus,"Laccadive Sea",Maldives,"Male Atoll","Banana Reef",1
"Cheilinus undulatus Rüppell, 1835",Animalia,Chordata,Actinopterygii,Perciformes,Labridae,Cheilinus,"Laccadive Sea",Maldives,"Male Atoll","Guraidhoo Corner",1
"Cheilinus undulatus Rüppell, 1835",Animalia,Chordata,Actinopterygii,Perciformes,Labridae,Cheilinus,"Laccadive Sea",Maldives,"Male Atoll","Guraidhoo Kandu",1
"Cheilinus undulatus Rüppell, 1835",Animalia,Chordata,Actinopterygii,Perciformes,Labridae,Cheilinus,"Laccadive Sea",Maldives,"Male Atoll","Hp Reef",1
"Cheilinus undulatus Rüppell, 1835",Animalia,Chordata,Actinopterygii,Perciformes,Labridae,Cheilinus,"Laccadive Sea",Maldives,"Male Atoll","Kandooma Thila",1
"Cheilinus undulatus Rüppell, 1835",Animalia,Chordata,Actinopterygii,Perciformes,Labridae,Cheilinus,"Laccadive Sea",Maldives,"Male Atoll","Kuda Giri Wreck",1
"Cheilinus undulatus Rüppell, 1835",Animalia,Chordata,Actinopterygii,Perciformes,Labridae,Cheilinus,"Laccadive Sea",Maldives,"North Ari Atoll","Bathalaa Maagaa Kan Thila",2
"Cheilinus undulatus Rüppell, 1835",Animalia,Chordata,Actinopterygii,Perciformes,Labridae,Cheilinus,"Océan indien",Maldives,"Ari Atoll Nord","Maaya Thila",1
"Cheilinus undulatus Rüppell, 1835",Animalia,Chordata,Actinopterygii,Perciformes,Labridae,Cheilinus,"Océan indien",Maldives,"Rasdhoo Atoll","Rasdhoo Madivaru",1
"Cheilinus undulatus Rüppell, 1835",Animalia,Chordata,Actinopterygii,Perciformes,Labridae,Cheilinus,"OCEANS INDIEN",Maldives,"Male Atoll","Losrichi Corner",1
"Chelonia mydas Linnaeus 1758",Animalia,Chordata,Reptilia,Testudines,Cheloniidae,Chelonia,"Indian Ocean",Maldives,"Male' Atoll","Manta Point",1
"Chelonia mydas Linnaeus 1758",Animalia,Chordata,Reptilia,Testudines,Cheloniidae,Chelonia,"Indian Ocean",Maldives,"Nord Nilandhe Atoll",Cliffhanger,1
"Chelonia mydas Linnaeus 1758",Animalia,Chordata,Reptilia,Testudines,Cheloniidae,Chelonia,"Indian Ocean",Maldives,"Nord Nilandhe Atoll, Filitheyo","Ibura Tila",1
"Chelonia mydas Linnaeus 1758",Animalia,Chordata,Reptilia,Testudines,Cheloniidae,Chelonia,"Indian Ocean",Maldives,"North Male Atoll","Faru Beyru",1
"Chelonia mydas Linnaeus 1758",Animalia,Chordata,Reptilia,Testudines,Cheloniidae,Chelonia,"Indian Oceean",Maldives,"Nord Nilandhe Atoll, Filitheyo","Ayer's Rock",1
"Chelonia mydas Linnaeus 1758",Animalia,Chordata,Reptilia,Testudines,Cheloniidae,Chelonia,"Laccadive Sea",Maldives,"Kuredu, Lhaviyani Atoll","Kuredu House Reef",2
"Chelonia mydas Linnaeus 1758",Animalia,Chordata,Reptilia,Testudines,Cheloniidae,Chelonia,"Laccadive Sea",Maldives,"Male Atoll","Banana Reef",2
"Chlidichthys inornatus Lubbock, 1976",Animalia,Chordata,Actinopterygii,Perciformes,Pseudochromidae,Chlidichthys,"Laccadive Sea",Maldives,"South Ari Atoll","Kudarah Thila",1
"Chlorurus strongylocephalus (Bleeker, 1854)",Animalia,Chordata,Actinopterygii,Perciformes,Scaridae,Chlorurus,"Indian Ocean",Maldives,"Rasdhoo Atoll","Veligandu North",1
"Chlorurus strongylocephalus (Bleeker, 1854)",Animalia,Chordata,Actinopterygii,Perciformes,Scaridae,Chlorurus,"Laccadive Sea",Maldives,"Dhonveli Island, North Male Atoll",Aquarium,1
"Chlorurus strongylocephalus (Bleeker, 1854)",Animalia,Chordata,Actinopterygii,Perciformes,Scaridae,Chlorurus,"Laccadive Sea",Maldives,"South Ari Atoll","Kuhdi Maa Wreck, Centara",1
"Chromis limbaughi Greenfield and Woods, 1980",Animalia,Chordata,Actinopterygii,Perciformes,Pomacentridae,Chromis,"Laccadive Sea",Maldives,"Lhaviyani Atoll","Bodu Giri",1
"Chromodoris coi",,,,,,,"Laccadive Sea",Maldives,"Male Atoll","Kuda Giri Wreck",1
"Cirrhitichthys oxycephalus (Bleeker, 1855)",Animalia,Chordata,Actinopterygii,Perciformes,Cirrhitidae,Cirrhitichthys,"Indian Ocean",Maldives,"Male Atoll","Bodu Gaa",1
"Comactinia echinoptera (Müller, 1840)",Animalia,Echinodermata,Crinoidea,Comatulida,Comasteridae,Comactinia,"Indian Ocean",Maldives,"Nord Nilandhe Atoll","Filitheyo House Reef",1
"Conchodytes tridacnae Peters, 1852",Animalia,Arthropoda,Malacostraca,Decapoda,Palaemonidae,Conchodytes,"Indian Ocean",Maldives,"Nord Nilandhe Atoll",Cliffhanger,1
"Conchodytes tridacnae Peters, 1852",Animalia,Arthropoda,Malacostraca,Decapoda,Palaemonidae,Conchodytes,"Indian Ocean",Maldives,"Nord Nilandhe Atoll, Filitheyo","Ibura Tila",1
"Coriocella hibyae Wellens 1991",,,,,,,"Indian Ocean",Maldives,"Ari Atoll","Panettone Manta Point",1
"Corythoichthys flavofasciatus (Rüppell, 1838)",Animalia,Chordata,Actinopterygii,Syngnathiformes,Syngnathidae,Corythoichthys,"Medhufushi Meemu Atoll",Maldives,"Medhufushi Meemu Atoll","Boahura Express Medhufushi Meemu Atoll",1
"Corythoichthys schultzi Herald, 1953",Animalia,Chordata,Actinopterygii,Syngnathiformes,Syngnathidae,Corythoichthys,"Indian Ocean",Maldives,"Kurumba Island Resort, North Male Atoll","Kurumba Reef",1
"Dasyatis brevicaudata (Hutton, 1875)",Animalia,Chordata,Elasmobranchii,Rajiformes,Dasyatidae,Dasyatis,"Indian Ocean",Maldives,"Nord Nilandhe Atoll","Filitheyo House Reef",1
"Dasyatis centroura (Mitchill, 1815)",Animalia,Chordata,Elasmobranchii,Rajiformes,Dasyatidae,Dasyatis,"Laccadive Sea",Maldives,"Male Atoll","Kandooma Thila",1
"Dasyatis centroura (Mitchill, 1815)",Animalia,Chordata,Elasmobranchii,Rajiformes,Dasyatidae,Dasyatis,"Laccadive Sea",Maldives,"Male Atoll","Nassimo Thila",1
"Dasyatis centroura (Mitchill, 1815)",Animalia,Chordata,Elasmobranchii,Rajiformes,Dasyatidae,Dasyatis,"Male Atoll",Maldives,"Kurumba Island Resort, North Male Atoll","Kurumba House Reef",1
"Dasyatis marmorata (Steindachner, 1892)",Animalia,Chordata,Elasmobranchii,Rajiformes,Dasyatidae,Dasyatis,"Indian Ocean",Maldives,"Vaavu Atoll","Alimatha Jetty",1
"Echidna catenata (Bloch, 1795)",Animalia,Chordata,Actinopterygii,Anguilliformes,Muraenidae,Echidna,"Indian Ocean",Maldives,"Rasdhoo Atoll","Veligandu North",1
"Echidna nocturna (Cope, 1872)",Animalia,Chordata,Actinopterygii,Anguilliformes,Muraenidae,Echidna,"Indian Ocean",Maldives,"atoll sud","Origandu Finolhu",1
"Echidna nocturna (Cope, 1872)",Animalia,Chordata,Actinopterygii,Anguilliformes,Muraenidae,Echidna,"Laccadive Sea",Maldives,"Lhaviyani Atoll","Anemone Thila",1
"Epinephelus fasciatus (Forsskål, 1775)",Animalia,Chordata,Actinopterygii,Perciformes,Serranidae,Epinephelus,"Laccadive Sea",Maldives,"Ari Atoll","Kari Beiru Thila",1
"Epinephelus fasciatus (Forsskål, 1775)",Animalia,Chordata,Actinopterygii,Perciformes,Serranidae,Epinephelus,"Océan indien",Maldives,"Ari Atoll Nord","Maaya Thila",1
"Epinephelus merra Bloch, 1793",Animalia,Chordata,Actinopterygii,Perciformes,Serranidae,Epinephelus,"Laccadive Sea",Maldives,"Kuredu, Lhaviyani Atoll","Kuredu House Reef",1
"Epinephelus tukula Morgans, 1959",Animalia,Chordata,Actinopterygii,Perciformes,Serranidae,Epinephelus,"Indian Ocean",Maldives,"South Ari Atoll","Bappolhi Thila",1
"Eretmochelys imbricata (LINNAEUS) 1766",Animalia,Chordata,Reptilia,Testudines,Cheloniidae,Eretmochelys,"Indian Ocean",Maldives,"North Ari Atoll","Fish Head",1
"Eretmochelys imbricata (LINNAEUS) 1766",Animalia,Chordata,Reptilia,Testudines,Cheloniidae,Eretmochelys,"Indian Ocean",Maldives,"North Male Atoll","Faru Beyru",1
"Eretmochelys imbricata (LINNAEUS) 1766",Animalia,Chordata,Reptilia,Testudines,Cheloniidae,Eretmochelys,"Indian Ocean",Maldives,"North Male Atoll","Hudhuveli Beyru",1
"Eretmochelys imbricata (LINNAEUS) 1766",Animalia,Chordata,Reptilia,Testudines,Cheloniidae,Eretmochelys,"Indian Ocean",Maldives,"North Male Atoll","Lankan Manta Point",1
"Eretmochelys imbricata (LINNAEUS) 1766",Animalia,Chordata,Reptilia,Testudines,Cheloniidae,Eretmochelys,"Indian Ocean",Maldives,"Vaavu Atoll","Alimatha Jetty",1
"Eretmochelys imbricata (LINNAEUS) 1766",Animalia,Chordata,Reptilia,Testudines,Cheloniidae,Eretmochelys,"Laccadive Sea",Maldives,"Lhaviyani Atoll","Mashura Outreef",1
"Eunicella verrucosa (Pallas, 1766)",Animalia,Cnidaria,Anthozoa,Alcyonacea,Gorgoniidae,Eunicella,"Meemu Atoll",Maldives,"Medhufushi Meemu Atoll","Medhufushi Tilas",1
"Exocoetus volitans Linnaeus, 1758",Animalia,Chordata,Actinopterygii,Beloniformes,Exocoetidae,Exocoetus,"Indian Ocean",Maldives,"Nord Nilandhe Atoll, Filitheyo","Ibura Tila",1
"Fistularia petimba Lacepède, 1803",Animalia,Chordata,Actinopterygii,Syngnathiformes,Fistulariidae,Fistularia,"Indian Ocean",Maldives,"Kuramathi (Rasdhoo Atoll)","Laguna Kuramathi",1
"Fistularia petimba Lacepède, 1803",Animalia,Chordata,Actinopterygii,Syngnathiformes,Fistulariidae,Fistularia,"Laccadive Sea",Maldives,"Ari Atoll","Fish Head Mushi Mas Mingili Thila",1
"Fistularia tabacaria Linnaeus, 1758",Animalia,Chordata,Actinopterygii,Syngnathiformes,Fistulariidae,Fistularia,"Indian Ocean",Maldives,"Nord Nilandhe Atoll","Filitheyo House Reef",2
"Forcipiger flavissimus Jordan & McGregor, 1898",Animalia,Chordata,Actinopterygii,Perciformes,Chaetodontidae,Forcipiger,"Indian Ocean",Maldives,"Kuramathi (Rasdhoo Atoll)","Laguna Kuramathi",1
"Forcipiger flavissimus Jordan & McGregor, 1898",Animalia,Chordata,Actinopterygii,Perciformes,Chaetodontidae,Forcipiger,"Indian Ocean",Maldives,"Nord Nilandhe Atoll, Filitheyo","The Cathedral",1
"Forcipiger flavissimus Jordan & McGregor, 1898",Animalia,Chordata,Actinopterygii,Perciformes,Chaetodontidae,Forcipiger,"Indian Ocean",Maldives,"Rasdhoo Atoll","Veligandu North",1
"Forcipiger flavissimus Jordan & McGregor, 1898",Animalia,Chordata,Actinopterygii,Perciformes,Chaetodontidae,Forcipiger,"Laccadive Sea",Maldives,"Kuredu, Lhaviyani Atoll","Kuredu House Reef",1
"Galeocerdo cuvier (Péron & Lesueur, 1822)",Animalia,Chordata,Elasmobranchii,Carcharhiniformes,Carcharhinidae,Galeocerdo,"Indian Ocean",Maldives,"Ari Atoll","Moofushi House Reef",1
"Ginglymostoma cirratum (Bonnaterre, 1788)",Animalia,Chordata,Elasmobranchii,Orectolobiformes,Ginglymostomatidae,Ginglymostoma,"Dhuni Kohlu",Maldives,"Baa atoll ","Medhu Thila",1
"Ginglymostoma cirratum (Bonnaterre, 1788)",Animalia,Chordata,Elasmobranchii,Orectolobiformes,Ginglymostomatidae,Ginglymostoma,"Indian Ocean",Maldives,"Baa atoll ","Kakani Thila",1
"Ginglymostoma cirratum (Bonnaterre, 1788)",Animalia,Chordata,Elasmobranchii,Orectolobiformes,Ginglymostomatidae,Ginglymostoma,"Indian Ocean",Maldives,"North Ari Atoll","Fish Head",1
"Ginglymostoma cirratum (Bonnaterre, 1788)",Animalia,Chordata,Elasmobranchii,Orectolobiformes,Ginglymostomatidae,Ginglymostoma,"Indian Ocean",Maldives,"South Ari Atoll","Kudhimaa Wreck",1
"Ginglymostoma cirratum (Bonnaterre, 1788)",Animalia,Chordata,Elasmobranchii,Orectolobiformes,Ginglymostomatidae,Ginglymostoma,"Indian Ocean",Maldives,"Vaavu Atoll","Alimatha Jetty",2
"Ginglymostoma cirratum (Bonnaterre, 1788)",Animalia,Chordata,Elasmobranchii,Orectolobiformes,Ginglymostomatidae,Ginglymostoma,"Laccadive Sea",Maldives,"Vaavu Atoll","Alimathaa Jetty",1
"Gnathanodon speciosus (Forsskål, 1775)",Animalia,Chordata,Actinopterygii,Perciformes,Carangidae,Gnathanodon,"Indian Ocean",Maldives,"Kuramathi (Rasdhoo Atoll)","Laguna Kuramathi",1
"Gnathanodon speciosus (Forsskål, 1775)",Animalia,Chordata,Actinopterygii,Perciformes,Carangidae,Gnathanodon,"Indian Ocean",Maldives,"Rasdhoo Atoll","Veligandu North",1
"Gnathanodon speciosus (Forsskål, 1775)",Animalia,Chordata,Actinopterygii,Perciformes,Carangidae,Gnathanodon,"Laccadive Sea",Maldives,"Ari Atoll","Kari Beiru Thila",1
"Gnathanodon speciosus (Forsskål, 1775)",Animalia,Chordata,Actinopterygii,Perciformes,Carangidae,Gnathanodon,"Océan indien",Maldives,"Ari Atoll Nord","Maaya Thila",1
"Gracila albomarginata (Fowler and Bean, 1930)",Animalia,Chordata,Actinopterygii,Perciformes,Serranidae,Gracila,"Indian Ocean",Maldives,"Male Atoll","Bandos Rock",1
"Gramma loreto Poey, 1868",Animalia,Chordata,Actinopterygii,Perciformes,Grammatidae,Gramma,"Indian Ocean",Maldives,"Nord Nilandhe Atoll","Filitheyo House Reef",3
"Gymnosarda unicolor (Rüppell, 1836)",Animalia,Chordata,Actinopterygii,Perciformes,Scombridae,Gymnosarda,"Indian Ocean",Maldives,"Ari Atoll","Panettone Manta Point",1
"Gymnosarda unicolor (Rüppell, 1836)",Animalia,Chordata,Actinopterygii,Perciformes,Scombridae,Gymnosarda,"Indian Ocean",Maldives,"Nord Nilandhe Atoll, Filitheyo","The Cathedral",1
"Gymnothorax afer Bloch, 1795",Animalia,Chordata,Actinopterygii,Anguilliformes,Muraenidae,Gymnothorax,"Laccadive Sea",Maldives,"Kuredu, Lhaviyani Atoll","Bodu Giri",1
"Gymnothorax buroensis (Bleeker, 1857)",Animalia,Chordata,Actinopterygii,Anguilliformes,Muraenidae,Gymnothorax,"Indian Ocean",Maldives,"North Ari Atoll","Fish Head",1
"Gymnothorax buroensis (Bleeker, 1857)",Animalia,Chordata,Actinopterygii,Anguilliformes,Muraenidae,Gymnothorax,"Indian Ocean",Maldives,"Vaavu Atoll","Miyaru Thila",1
"Gymnothorax buroensis (Bleeker, 1857)",Animalia,Chordata,Actinopterygii,Anguilliformes,Muraenidae,Gymnothorax,"Laccadive Sea",Maldives,"Male Atoll","Banana Reef",1
"Gymnothorax favagineus Bloch & Schneider, 1801",Animalia,Chordata,Actinopterygii,Anguilliformes,Muraenidae,Gymnothorax,"Laccadive Sea",Maldives,"Dhonveli Island, North Male Atoll",Aquarium,1
"Gymnothorax favagineus Bloch & Schneider, 1801",Animalia,Chordata,Actinopterygii,Anguilliformes,Muraenidae,Gymnothorax,"Laccadive Sea",Maldives,"Male Atoll","Guraidhoo Corner",1
"Gymnothorax favagineus Bloch & Schneider, 1801",Animalia,Chordata,Actinopterygii,Anguilliformes,Muraenidae,Gymnothorax,"Laccadive Sea",Maldives,"Male Atoll","Olhuveli Beach Resort & Spa House Reef",1
"Gymnothorax favagineus Bloch & Schneider, 1801",Animalia,Chordata,Actinopterygii,Anguilliformes,Muraenidae,Gymnothorax,"leccadive sea",Maldives,"Dhonveli Island, North Male Atoll",Gaamaadhoo,1
"Gymnothorax fimbriatus (Bennett, 1832)",Animalia,Chordata,Actinopterygii,Anguilliformes,Muraenidae,Gymnothorax,"Laccadive Sea",Maldives,"Male Atoll","Banana Reef",1
"Gymnothorax flavimarginatus (Rüppell, 1830)",Animalia,Chordata,Actinopterygii,Anguilliformes,Muraenidae,Gymnothorax,"Fonimagoodhoo Island, Baa Atoll",Maldives,"Fonimagoodhoo Island, Baa Atoll","Reethi House Reef",1
"Gymnothorax flavimarginatus (Rüppell, 1830)",Animalia,Chordata,Actinopterygii,Anguilliformes,Muraenidae,Gymnothorax,"Indian Ocean",Maldives,"Kuramathi (Rasdhoo Atoll)","Three Palms",1
"Gymnothorax flavimarginatus (Rüppell, 1830)",Animalia,Chordata,Actinopterygii,Anguilliformes,Muraenidae,Gymnothorax,"Indian Ocean",Maldives,"Male' Atoll","Manta Point",1
"Gymnothorax flavimarginatus (Rüppell, 1830)",Animalia,Chordata,Actinopterygii,Anguilliformes,Muraenidae,Gymnothorax,"Indian Ocean",Maldives,"Nord Nilandhe Atoll","Filitheyo House Reef",4
"Gymnothorax flavimarginatus (Rüppell, 1830)",Animalia,Chordata,Actinopterygii,Anguilliformes,Muraenidae,Gymnothorax,"Indian Ocean",Maldives,"Nord Nilandhe Atoll, Filitheyo","The Cathedral",1
"Gymnothorax flavimarginatus (Rüppell, 1830)",Animalia,Chordata,Actinopterygii,Anguilliformes,Muraenidae,Gymnothorax,"Indian Ocean",Maldives,"North Ari Atoll","Fish Head",1
"Gymnothorax flavimarginatus (Rüppell, 1830)",Animalia,Chordata,Actinopterygii,Anguilliformes,Muraenidae,Gymnothorax,"Indian Ocean",Maldives,"Rasdhoo Atoll","Veligandu North",1
"Gymnothorax flavimarginatus (Rüppell, 1830)",Animalia,Chordata,Actinopterygii,Anguilliformes,Muraenidae,Gymnothorax,"Indian Ocean",Maldives,"Vaavu Atoll","Miyaru Thila",1
"Gymnothorax flavimarginatus (Rüppell, 1830)",Animalia,Chordata,Actinopterygii,Anguilliformes,Muraenidae,Gymnothorax,"Laccadive Sea",Maldives,"Ari Atoll","Kari Beiru Thila",1
"Gymnothorax flavimarginatus (Rüppell, 1830)",Animalia,Chordata,Actinopterygii,Anguilliformes,Muraenidae,Gymnothorax,"Laccadive Sea",Maldives,"Ari Atoll","Kuda Thila",1
"Gymnothorax flavimarginatus (Rüppell, 1830)",Animalia,Chordata,Actinopterygii,Anguilliformes,Muraenidae,Gymnothorax,"Laccadive Sea",Maldives,"Dhonveli Island, North Male Atoll",Aquarium,1
"Gymnothorax flavimarginatus (Rüppell, 1830)",Animalia,Chordata,Actinopterygii,Anguilliformes,Muraenidae,Gymnothorax,"Laccadive Sea",Maldives,"Kuramathi (Rasdhoo Atoll)",Madivaru,1
"Gymnothorax flavimarginatus (Rüppell, 1830)",Animalia,Chordata,Actinopterygii,Anguilliformes,Muraenidae,Gymnothorax,"Laccadive Sea",Maldives,"Lhaviyani Atoll","Mashura Outreef",1
"Gymnothorax flavimarginatus (Rüppell, 1830)",Animalia,Chordata,Actinopterygii,Anguilliformes,Muraenidae,Gymnothorax,"Laccadive Sea",Maldives,"Male Atoll","Banana Reef",1
"Gymnothorax flavimarginatus (Rüppell, 1830)",Animalia,Chordata,Actinopterygii,Anguilliformes,Muraenidae,Gymnothorax,"Laccadive Sea",Maldives,"North Ari Atoll","Bathalaa Maagaa Kan Thila",1
"Gymnothorax flavimarginatus (Rüppell, 1830)",Animalia,Chordata,Actinopterygii,Anguilliformes,Muraenidae,Gymnothorax,"Laccadive Sea",Maldives,"North Ari Atoll","Maaya Thila",1
"Gymnothorax flavimarginatus (Rüppell, 1830)",Animalia,Chordata,Actinopterygii,Anguilliformes,Muraenidae,Gymnothorax,"leccadive sea",Maldives,"Dhonveli Island, North Male Atoll",Gaamaadhoo,1
"Gymnothorax flavimarginatus (Rüppell, 1830)",Animalia,Chordata,Actinopterygii,Anguilliformes,Muraenidae,Gymnothorax,"Medhufushi Meemu Atoll",Maldives,"Medhufushi Meemu Atoll","Mantas And More Medhufushi Meemu Atoll",1
"Gymnothorax flavimarginatus (Rüppell, 1830)",Animalia,Chordata,Actinopterygii,Anguilliformes,Muraenidae,Gymnothorax,"Océan indien",Maldives,"Ari Atoll Nord","Maaya Thila",1
"Gymnothorax flavimarginatus (Rüppell, 1830)",Animalia,Chordata,Actinopterygii,Anguilliformes,Muraenidae,Gymnothorax,"OCEANS INDIEN",Maldives,"Male Atoll","Losrichi Corner",1
"Gymnothorax funebris Ranzani, 1839",Animalia,Chordata,Actinopterygii,Anguilliformes,Muraenidae,Gymnothorax,"Indian Ocean",Maldives,"Ari Atoll","Moofushi House Reef",1
"Gymnothorax isingteena (Richardson, 1845)",Animalia,Chordata,Actinopterygii,Anguilliformes,Muraenidae,Gymnothorax,"Indian Ocean",Maldives,"atoll sud","Origandu Finolhu",1
"Gymnothorax javanicus (Bleeker, 1859)",Animalia,Chordata,Actinopterygii,Anguilliformes,Muraenidae,Gymnothorax,"Indian Ocean",Maldives,"Male Atoll","Bodu Gaa",1
"Gymnothorax javanicus (Bleeker, 1859)",Animalia,Chordata,Actinopterygii,Anguilliformes,Muraenidae,Gymnothorax,"Indian Ocean",Maldives,"Nord Nilandhe Atoll","Filitheyo House Reef",1
"Gymnothorax javanicus (Bleeker, 1859)",Animalia,Chordata,Actinopterygii,Anguilliformes,Muraenidae,Gymnothorax,"Laccadive Sea",Maldives,"North Ari Atoll","Maaya Thila",1
"Gymnothorax meleagris (Shaw, 1795)",Animalia,Chordata,Actinopterygii,Anguilliformes,Muraenidae,Gymnothorax,"Fonimagoodhoo Island, Baa Atoll",Maldives,"Fonimagoodhoo Island, Baa Atoll","Reethi House Reef",1
"Gymnothorax meleagris (Shaw, 1795)",Animalia,Chordata,Actinopterygii,Anguilliformes,Muraenidae,Gymnothorax,"Indian Ocean",Maldives,"Kuramathi (Rasdhoo Atoll)","Laguna Kuramathi",1
"Gymnothorax meleagris (Shaw, 1795)",Animalia,Chordata,Actinopterygii,Anguilliformes,Muraenidae,Gymnothorax,"Indian Ocean",Maldives,"Kuramathi (Rasdhoo Atoll)","Three Palms",1
"Gymnothorax meleagris (Shaw, 1795)",Animalia,Chordata,Actinopterygii,Anguilliformes,Muraenidae,Gymnothorax,"Indian Ocean",Maldives,"Rasdhoo Atoll","Veligandu North",1
"Gymnothorax meleagris (Shaw, 1795)",Animalia,Chordata,Actinopterygii,Anguilliformes,Muraenidae,Gymnothorax,"Laccadive Sea",Maldives,"South Ari Atoll","Kuhdi Maa Wreck, Centara",1
"Gymnothorax pictus (Ahl, 1789)",Animalia,Chordata,Actinopterygii,Anguilliformes,Muraenidae,Gymnothorax,"Indian Ocean",Maldives,"Kuramathi (Rasdhoo Atoll)",Madivaru,1
"Gymnothorax pictus (Ahl, 1789)",Animalia,Chordata,Actinopterygii,Anguilliformes,Muraenidae,Gymnothorax,"Indian Ocean",Maldives,"Kurumba Island Resort, North Male Atoll","Kurumba Reef",1
"Gymnothorax pictus (Ahl, 1789)",Animalia,Chordata,Actinopterygii,Anguilliformes,Muraenidae,Gymnothorax,"Laccadive Sea",Maldives,"Male Atoll","Banana Reef",1
"Gymnothorax pictus (Ahl, 1789)",Animalia,Chordata,Actinopterygii,Anguilliformes,Muraenidae,Gymnothorax,"Laccadive Sea",Maldives,"Male Atoll","Kandooma Thila",1
"Gymnothorax pictus (Ahl, 1789)",Animalia,Chordata,Actinopterygii,Anguilliformes,Muraenidae,Gymnothorax,"Laccadive Sea",Maldives,"Male Atoll","Kuda Giri Wreck",1
"Gymnothorax undulatus (Lacepède, 1803)",Animalia,Chordata,Actinopterygii,Anguilliformes,Muraenidae,Gymnothorax,"Laccadive Sea",Maldives,"Male Atoll","Guraidhoo Corner",1
"Gymnothorax undulatus (Lacepède, 1803)",Animalia,Chordata,Actinopterygii,Anguilliformes,Muraenidae,Gymnothorax,"Laccadive Sea",Maldives,"South Male Atoll","Kuda Giri Wreck",1
"Gymnothorax unicolor (Delaroche, 1809)",Animalia,Chordata,Actinopterygii,Anguilliformes,Muraenidae,Gymnothorax,"Laccadive Sea",Maldives,"Ari Atoll","Kari Beiru Thila",1
"Gymnothorax unicolor (Delaroche, 1809)",Animalia,Chordata,Actinopterygii,Anguilliformes,Muraenidae,Gymnothorax,"Laccadive Sea",Maldives,"Ari Atoll","Kuda Thila",1
"Gymnothorax unicolor (Delaroche, 1809)",Animalia,Chordata,Actinopterygii,Anguilliformes,Muraenidae,Gymnothorax,"Océan indien",Maldives,"Ari Atoll Nord","Maaya Thila",1
"Hapalochlaena maculosa (Hoyle, 1883)",Animalia,Mollusca,Cephalopoda,Octopoda,Octopodidae,Hapalochlaena,"Indian Ocean",Maldives,"North Ari Atoll","Fish Head",1
"Hapalochlaena maculosa (Hoyle, 1883)",Animalia,Mollusca,Cephalopoda,Octopoda,Octopodidae,Hapalochlaena,"Laccadive Sea",Maldives,"Dhonveli Island, North Male Atoll",Aquarium,1
"Hapalochlaena maculosa (Hoyle, 1883)",Animalia,Mollusca,Cephalopoda,Octopoda,Octopodidae,Hapalochlaena,"Laccadive Sea",Maldives,"North Ari Atoll","Hafsa Thila",1
"Hapalochlaena maculosa (Hoyle, 1883)",Animalia,Mollusca,Cephalopoda,Octopoda,Octopodidae,Hapalochlaena,"Laccadive Sea",Maldives,"North Ari Atoll","Kandol Manta Point",1
"Hapalochlaena maculosa (Hoyle, 1883)",Animalia,Mollusca,Cephalopoda,Octopoda,Octopodidae,Hapalochlaena,"Medhufushi Meemu Atoll",Maldives,"Medhufushi Meemu Atoll","Boahura Express Medhufushi Meemu Atoll",1
"Heniochus acuminatus (Linnaeus, 1758)",Animalia,Chordata,Actinopterygii,Perciformes,Chaetodontidae,Heniochus,"Indian Ocean",Maldives,"Rasdhoo Atoll","Veligandu North",1
"Heniochus acuminatus (Linnaeus, 1758)",Animalia,Chordata,Actinopterygii,Perciformes,Chaetodontidae,Heniochus,"Laccadive Sea",Maldives,"Ari Atoll","Rangali Madivaru",1
"Heniochus acuminatus (Linnaeus, 1758)",Animalia,Chordata,Actinopterygii,Perciformes,Chaetodontidae,Heniochus,"Laccadive Sea",Maldives,"Kuredu, Lhaviyani Atoll","Kuredu House Reef",1
"Heniochus diphreutes Jordan, 1903",Animalia,Chordata,Actinopterygii,Perciformes,Chaetodontidae,Heniochus,"Indian Ocean",Maldives,"Nord Nilandhe Atoll, Filitheyo","Ibura Tila",1
"Heniochus diphreutes Jordan, 1903",Animalia,Chordata,Actinopterygii,Perciformes,Chaetodontidae,Heniochus,"Indian Ocean",Maldives,"Nord Nilandhe Atoll, Filitheyo","Takatuka Land",1
"Heniochus diphreutes Jordan, 1903",Animalia,Chordata,Actinopterygii,Perciformes,Chaetodontidae,Heniochus,"Indian Ocean",Maldives,"Nord Nilandhe Atoll, Filitheyo","The Cathedral",1
"Heniochus monoceros Cuvier, 1831",Animalia,Chordata,Actinopterygii,Perciformes,Chaetodontidae,Heniochus,"Laccadive Sea",Maldives,"Ari Atoll","Rangali Madivaru",1
"Heteroconger hassi (Klausewitz & Eibl-Eibesfeldt, 1959)",Animalia,Chordata,Actinopterygii,Anguilliformes,Congridae,Heteroconger,"Indian Ocean",Maldives,"Nord Nilandhe Atoll","Filitheyo House Reef",1
"Heteroconger longissimus Günther, 1870",Animalia,Chordata,Actinopterygii,Anguilliformes,Congridae,Heteroconger,"Indian Ocean",Maldives,"North Male Atoll",Kanduoiygiri,1
"Himantura gerrardi (Gray, 1851)",Animalia,Chordata,Elasmobranchii,Rajiformes,Dasyatidae,Himantura,"Laccadive Sea",Maldives,"North Ari Atoll","Fish Head",1
"Himantura gerrardi (Gray, 1851)",Animalia,Chordata,Elasmobranchii,Rajiformes,Dasyatidae,Himantura,"Laccadive Sea",Maldives,"North Ari Atoll","Orimas Thila",1
"Himantura jenkinsii (Annandale, 1909)",Animalia,Chordata,Elasmobranchii,Rajiformes,Dasyatidae,Himantura,"Indian Ocean",Maldives,"Vaavu Atoll","Alimatha Jetty",1
"Himantura uarnak (Gmelin, 1789)",Animalia,Chordata,Elasmobranchii,Rajiformes,Dasyatidae,Himantura,"Indian Ocean",Maldives,"Vaavu Atoll","Alimatha Jetty",1
"Himantura uarnak (Gmelin, 1789)",Animalia,Chordata,Elasmobranchii,Rajiformes,Dasyatidae,Himantura,"Laccadive Sea",Maldives,"Ari Atoll","Madivaru Rangali Manta Point",1
"Himantura uarnak (Gmelin, 1789)",Animalia,Chordata,Elasmobranchii,Rajiformes,Dasyatidae,Himantura,"Laccadive Sea",Maldives,"North Ari Atoll","Maaya Thila",1
"Himantura undulata (Bleeker, 1852)",Animalia,Chordata,Elasmobranchii,Rajiformes,Dasyatidae,Himantura,"Indian Ocean",Maldives,"atoll sud","Origandu Finolhu",1
"Holothuria impatiens (Forskaal, 1775)",Animalia,Echinodermata,Holothuroidea,Aspidochirotida,Holothuriidae,Holothuria,"Indian Ocean",Maldives,"Kuramathi (Rasdhoo Atoll)","Laguna Kuramathi",1
"Hypselodoris bullockii (Collingwood, 1881)",Animalia,Mollusca,Gastropoda,Nudibranchia,Chromodorididae,Hypselodoris,"Indian Ocean",Maldives,"South Ari Atoll","Kudhimaa Wreck",1
"Katsuwonus pelamis (Linnaeus, 1758)",Animalia,Chordata,Actinopterygii,Perciformes,Scombridae,Katsuwonus,"Laccadive Sea",Maldives,"Male Atoll","Hp Reef",1
"Katsuwonus pelamis (Linnaeus, 1758)",Animalia,Chordata,Actinopterygii,Perciformes,Scombridae,Katsuwonus,"Laccadive Sea",Maldives,"Male Atoll","Nassimo Thila",1
"Lepidochelys olivacea Eschscholtz 1829",Animalia,Chordata,Reptilia,Testudines,Cheloniidae,Lepidochelys,"Indian Ocean",Maldives,"Kuramathi (Rasdhoo Atoll)",Madivaru,1
"Lepidochelys olivacea Eschscholtz 1829",Animalia,Chordata,Reptilia,Testudines,Cheloniidae,Lepidochelys,"Indian Ocean",Maldives,"Kuredu, Lhaviyani Atoll","Kuredu Caves Turtle Airport",1
"Lepidochelys olivacea Eschscholtz 1829",Animalia,Chordata,Reptilia,Testudines,Cheloniidae,Lepidochelys,"Indian Ocean",Maldives,"Nord Nilandhe Atoll","Filitheyo House Reef",1
"Lepidochelys olivacea Eschscholtz 1829",Animalia,Chordata,Reptilia,Testudines,Cheloniidae,Lepidochelys,"Indian Ocean",Maldives,"Nord Nilandhe Atoll, Filitheyo","Jumping Jack Channel",1
"Lepidochelys olivacea Eschscholtz 1829",Animalia,Chordata,Reptilia,Testudines,Cheloniidae,Lepidochelys,"Indian Ocean",Maldives,"North Ari Atoll",Fesdu,1
"Lepidochelys olivacea Eschscholtz 1829",Animalia,Chordata,Reptilia,Testudines,Cheloniidae,Lepidochelys,"Indian Ocean",Maldives,"North Ari Atoll","Fish Head",1
"Lepidochelys olivacea Eschscholtz 1829",Animalia,Chordata,Reptilia,Testudines,Cheloniidae,Lepidochelys,"Indian Ocean",Maldives,"Vaavu Atoll","Miyaru Thila",1
"Lepidochelys olivacea Eschscholtz 1829",Animalia,Chordata,Reptilia,Testudines,Cheloniidae,Lepidochelys,"Laccadive Sea",Maldives,"Ari Atoll","Fish Head Mushi Mas Mingili Thila",1
"Lepidochelys olivacea Eschscholtz 1829",Animalia,Chordata,Reptilia,Testudines,Cheloniidae,Lepidochelys,"Laccadive Sea",Maldives,"Ari Atoll","Maya Thila",1
"Lepidochelys olivacea Eschscholtz 1829",Animalia,Chordata,Reptilia,Testudines,Cheloniidae,Lepidochelys,"Laccadive Sea",Maldives,"Male Atoll","Banana Reef",1
"Lepidochelys olivacea Eschscholtz 1829",Animalia,Chordata,Reptilia,Testudines,Cheloniidae,Lepidochelys,"Laccadive Sea",Maldives,"Male Atoll","Guraidhoo Corner",1
"Lepidochelys olivacea Eschscholtz 1829",Animalia,Chordata,Reptilia,Testudines,Cheloniidae,Lepidochelys,"Laccadive Sea",Maldives,"Male Atoll","Kandooma Thila",1
"Lepidochelys olivacea Eschscholtz 1829",Animalia,Chordata,Reptilia,Testudines,Cheloniidae,Lepidochelys,"Laccadive Sea",Maldives,"Male Atoll","Nassimo Thila",1
"Lepidochelys olivacea Eschscholtz 1829",Animalia,Chordata,Reptilia,Testudines,Cheloniidae,Lepidochelys,"Laccadive Sea",Maldives,"North Ari Atoll","Kandol Manta Point",1
"Lepidochelys olivacea Eschscholtz 1829",Animalia,Chordata,Reptilia,Testudines,Cheloniidae,Lepidochelys,"Laccadive Sea",Maldives,"South Ari Atoll","Maamigili Beru",2
"Lutjanus bohar (Forsskål, 1775)",Animalia,Chordata,Actinopterygii,Perciformes,Lutjanidae,Lutjanus,"Laccadive Sea",Maldives,"North Ari Atoll","Halaveli Wreck",1
"Lutjanus kasmira (Forsskål, 1775)",Animalia,Chordata,Actinopterygii,Perciformes,Lutjanidae,Lutjanus,"Indian Ocean",Maldives,"Nord Nilandhe Atoll, Filitheyo","Bodu Beru",1
"Lutjanus monostigma (Cuvier, 1828)",Animalia,Chordata,Actinopterygii,Perciformes,Lutjanidae,Lutjanus,"Indian Ocean",Maldives,"Kuramathi (Rasdhoo Atoll)","Laguna Kuramathi",1
"Lutjanus monostigma (Cuvier, 1828)",Animalia,Chordata,Actinopterygii,Perciformes,Lutjanidae,Lutjanus,"Indian Ocean",Maldives,"Rasdhoo Atoll","Veligandu North",1
"Lutjanus notatus (Cuvier, 1828)",Animalia,Chordata,Actinopterygii,Perciformes,Lutjanidae,Lutjanus,"Laccadive Sea",Maldives,"Lhaviyani Atoll","Anemone Thila",1
"Lutjanus notatus (Cuvier, 1828)",Animalia,Chordata,Actinopterygii,Perciformes,Lutjanidae,Lutjanus,"Océan indien",Maldives,"Lhaviyani Atoll",Aquarium,1
"Macolor niger (Forsskål, 1775)",Animalia,Chordata,Actinopterygii,Perciformes,Lutjanidae,Macolor,"Indian Ocean",Maldives,"Kuramathi (Rasdhoo Atoll)",Madivaru,1
"Macropharyngodon bipartitus Smith, 1957",Animalia,Chordata,Actinopterygii,Perciformes,Labridae,Macropharyngodon,"Indian Ocean",Maldives,"Felidhoo Atoll","Kudhiboli Corner",1
"Manta alfredi (Krefft, 1868)",,,,,,,"Indian Ocean",Maldives,"Ari Atoll","Panettone Manta Point",2
"Manta alfredi (Krefft, 1868)",,,,,,,"Indian Ocean",Maldives,"North Ari Atoll","Fesdu Lagoon",1
"Manta alfredi (Krefft, 1868)",,,,,,,"Indian Ocean",Maldives,"North Ari Atoll","Maaya Lagoon",1
"Manta alfredi (Krefft, 1868)",,,,,,,"Indian Ocean",Maldives,"South Ari Atoll",Madivaru,1
"Manta alfredi (Krefft, 1868)",,,,,,,"Laccadive Sea",Maldives,"Ari Atoll","Madivaru Rangali Manta Point",3
"Manta alfredi (Krefft, 1868)",,,,,,,"Laccadive Sea",Maldives,"South Ari Atoll","Rangali Corner",1
"Manta alfredi (Krefft, 1868)",,,,,,,"North Male Atoll",Maldives,"North Male Atoll","Lankan Beyru",1
"Manta birostris (Walbaum, 1792)",Animalia,Chordata,Elasmobranchii,Rajiformes,Myliobatidae,Manta,"Indian Ocean",Maldives,"Ari Atoll","Maa Faru Corner",1
"Manta birostris (Walbaum, 1792)",Animalia,Chordata,Elasmobranchii,Rajiformes,Myliobatidae,Manta,"Indian Ocean",Maldives,"Kuramathi (Rasdhoo Atoll)","Hammerhead Point",1
"Manta birostris (Walbaum, 1792)",Animalia,Chordata,Elasmobranchii,Rajiformes,Myliobatidae,Manta,"Indian Ocean",Maldives,"Kuramathi (Rasdhoo Atoll)","Manta Block",1
"Manta birostris (Walbaum, 1792)",Animalia,Chordata,Elasmobranchii,Rajiformes,Myliobatidae,Manta,"Indian Ocean",Maldives,"Male' Atoll","Manta Point",1
"Manta birostris (Walbaum, 1792)",Animalia,Chordata,Elasmobranchii,Rajiformes,Myliobatidae,Manta,"Indian Ocean",Maldives,"Nord Nilandhe Atoll, Filitheyo","Ibura Tila",1
"Manta birostris (Walbaum, 1792)",Animalia,Chordata,Elasmobranchii,Rajiformes,Myliobatidae,Manta,"Indian Ocean",Maldives,"North Ari Atoll","Fesdu Lagoon",2
"Manta birostris (Walbaum, 1792)",Animalia,Chordata,Elasmobranchii,Rajiformes,Myliobatidae,Manta,"Laccadive Sea",Maldives,"Dhonveli Island, North Male Atoll",Aquarium,1
"Manta birostris (Walbaum, 1792)",Animalia,Chordata,Elasmobranchii,Rajiformes,Myliobatidae,Manta,"Laccadive Sea",Maldives,"North Ari Atoll","Kandol Manta Point",1
"Manta birostris (Walbaum, 1792)",Animalia,Chordata,Elasmobranchii,Rajiformes,Myliobatidae,Manta,"leccadive sea",Maldives,"Dhonveli Island, North Male Atoll",Gaamaadhoo,1
"Manta birostris (Walbaum, 1792)",Animalia,Chordata,Elasmobranchii,Rajiformes,Myliobatidae,Manta,"Océan indien",Maldives,"Lhaviyani Atoll",Aquarium,1
"Melanorhinus cyanellus (Meek and Hildebrand, 1923)",Animalia,Chordata,Actinopterygii,Atheriniformes,Atherinopsidae,Melanorhinus,"Laccadive Sea",Maldives,"Lhaviyani Atoll","Anemone Thila",1
"Melichthys indicus Randall & Klausewitz, 1973",Animalia,Chordata,Actinopterygii,Tetraodontiformes,Balistidae,Melichthys,"Laccadive Sea",Maldives,"Male Atoll","Kuda Giri Wreck",1
"Mobula japanica (Müller and Henle, 1841)",Animalia,Chordata,Elasmobranchii,Rajiformes,Myliobatidae,Mobula,"Indian Ocean",Maldives,"Ari Atoll","Moofushi Channel",1
"Mobula japanica (Müller and Henle, 1841)",Animalia,Chordata,Elasmobranchii,Rajiformes,Myliobatidae,Mobula,"Laccadive Sea",Maldives,"Kuramathi (Rasdhoo Atoll)",Madivaru,1
"Muraena retifera Goode and Bean, 1882",Animalia,Chordata,Actinopterygii,Anguilliformes,Muraenidae,Muraena,"Indian Ocean",Maldives,"Kurumba Island Resort, North Male Atoll","Kurumba Reef",1
"Muraena retifera Goode and Bean, 1882",Animalia,Chordata,Actinopterygii,Anguilliformes,Muraenidae,Muraena,"Laccadive Sea",Maldives,"Lhaviyani Atoll","Bodu Giri",1
"Muraena retifera Goode and Bean, 1882",Animalia,Chordata,Actinopterygii,Anguilliformes,Muraenidae,Muraena,"Océan indien",Maldives,"Lhaviyani Atoll",Aquarium,1
Myliobatinae,,,,,,,"Indian Ocean",Maldives,"North Ari Atoll","Fish Head",1
Myliobatinae,,,,,,,"Laccadive Sea",Maldives,"North Ari Atoll","Hafsa Thila",1
"Myliobatis aquila (Linnaeus, 1758)",Animalia,Chordata,Elasmobranchii,Rajiformes,Myliobatidae,Myliobatis,"Indian Ocean",Maldives,"atoll sud","Origandu Finolhu",1
"Myliobatis aquila (Linnaeus, 1758)",Animalia,Chordata,Elasmobranchii,Rajiformes,Myliobatidae,Myliobatis,"Indian Ocean",Maldives,"Kuramathi (Rasdhoo Atoll)",Madivaru,1
"Myliobatis aquila (Linnaeus, 1758)",Animalia,Chordata,Elasmobranchii,Rajiformes,Myliobatidae,Myliobatis,"Indian Ocean",Maldives,"North Male Atoll","Thulusdoo Corner",1
"Myliobatis aquila (Linnaeus, 1758)",Animalia,Chordata,Elasmobranchii,Rajiformes,Myliobatidae,Myliobatis,"Indian Ocean",Maldives,"South Ari Atoll","Vilamendhoo Thila",1
"Myliobatis californica Gill, 1865",Animalia,Chordata,Elasmobranchii,Rajiformes,Myliobatidae,Myliobatis,"Indian Ocean",Maldives,"atoll sud","Origandu Finolhu",1
"Myliobatis goodei Garman, 1885",Animalia,Chordata,Elasmobranchii,Rajiformes,Myliobatidae,Myliobatis,"Indian Ocean",Maldives,"atoll sud","Origandu Finolhu",1
"Naso brevirostris (Cuvier, 1829)",Animalia,Chordata,Actinopterygii,Perciformes,Acanthuridae,Naso,"Indian Ocean",Maldives,"Nord Nilandhe Atoll","Filitheyo House Reef",3
"Naso brevirostris (Cuvier, 1829)",Animalia,Chordata,Actinopterygii,Perciformes,Acanthuridae,Naso,"Indian Ocean",Maldives,"Rasdhoo Atoll","Veligandu North",1
"Naso brevirostris (Cuvier, 1829)",Animalia,Chordata,Actinopterygii,Perciformes,Acanthuridae,Naso,"Laccadive Sea",Maldives,"Kuredu, Lhaviyani Atoll","Kuredu House Reef",1
"Naso unicornis (Forsskål, 1775)",Animalia,Chordata,Actinopterygii,Perciformes,Acanthuridae,Naso,"Laccadive Sea",Maldives,"Ari Atoll","Rangali Madivaru",1
"Neotrygon kuhlii (Müller & Henle, 1841)",Animalia,Chordata,Elasmobranchii,Rajiformes,Dasyatidae,Neotrygon,"Indian Ocean",Maldives,"South Ari Atoll","Rah Digga Thila",1
"Neotrygon kuhlii (Müller & Henle, 1841)",Animalia,Chordata,Elasmobranchii,Rajiformes,Dasyatidae,Neotrygon,"Laccadive Sea",Maldives,"North Ari Atoll","Maaya Thila",1
"Octopus vulgaris Cuvier, 1797",Animalia,Mollusca,Cephalopoda,Octopoda,Octopodidae,Octopus,"Indian Ocean",Maldives,"Nord Nilandhe Atoll, Filitheyo","Two Brothers",1
"Octopus vulgaris Cuvier, 1797",Animalia,Mollusca,Cephalopoda,Octopoda,Octopodidae,Octopus,"Laccadive Sea",Maldives,"South Ari Atoll","Kudarah Thila",1
"Odontodactylus scyllarus (Linnaeus, 1758)",Animalia,Arthropoda,Malacostraca,Stomatopoda,Odontodactylidae,Odontodactylus,"Indian Ocean",Maldives,"Male Atoll","Bandos Rock",1
"Odonus niger (Rüppell, 1836)",Animalia,Chordata,Actinopterygii,Tetraodontiformes,Balistidae,Odonus,"Indian Ocean",Maldives,"Kurumba Island Resort, North Male Atoll","Kurumba Reef",1
"Odonus niger (Rüppell, 1836)",Animalia,Chordata,Actinopterygii,Tetraodontiformes,Balistidae,Odonus,"Indian Ocean",Maldives,"Nord Nilandhe Atoll",Cliffhanger,1
"Odonus niger (Rüppell, 1836)",Animalia,Chordata,Actinopterygii,Tetraodontiformes,Balistidae,Odonus,"Indian Ocean",Maldives,"Nord Nilandhe Atoll","Filitheyo House Reef",1
"Odonus niger (Rüppell, 1836)",Animalia,Chordata,Actinopterygii,Tetraodontiformes,Balistidae,Odonus,"Indian Ocean",Maldives,"Nord Nilandhe Atoll, Filitheyo","Bodu Beru",1
"Odonus niger (Rüppell, 1836)",Animalia,Chordata,Actinopterygii,Tetraodontiformes,Balistidae,Odonus,"Indian Ocean",Maldives,"Nord Nilandhe Atoll, Filitheyo","Ibura Tila",1
"Odonus niger (Rüppell, 1836)",Animalia,Chordata,Actinopterygii,Tetraodontiformes,Balistidae,Odonus,"Indian Ocean",Maldives,"Nord Nilandhe Atoll, Filitheyo","Takatuka Land",1
"Odonus niger (Rüppell, 1836)",Animalia,Chordata,Actinopterygii,Tetraodontiformes,Balistidae,Odonus,"Indian Ocean",Maldives,"Nord Nilandhe Atoll, Filitheyo","The Cathedral",1
"Odonus niger (Rüppell, 1836)",Animalia,Chordata,Actinopterygii,Tetraodontiformes,Balistidae,Odonus,"Indian Ocean",Maldives,"Nord Nilandhe Atoll, Filitheyo","Two Brothers",1
"Odonus niger (Rüppell, 1836)",Animalia,Chordata,Actinopterygii,Tetraodontiformes,Balistidae,Odonus,"Indian Oceean",Maldives,"Nord Nilandhe Atoll, Filitheyo","Ayer's Rock",1
"Osmerus eperlanus (Linnaeus, 1758)",Animalia,Chordata,Actinopterygii,Osmeriformes,Osmeridae,Osmerus,"leccadive sea",Maldives,"Dhonveli Island, North Male Atoll",Gaamaadhoo,1
"Ostracion cubicus Linnaeus, 1758",Animalia,Chordata,Actinopterygii,Tetraodontiformes,Ostraciidae,Ostracion,"Indian Ocean",Maldives,"Kurumba Island Resort, North Male Atoll","Kurumba Reef",1
"Ostracion cubicus Linnaeus, 1758",Animalia,Chordata,Actinopterygii,Tetraodontiformes,Ostraciidae,Ostracion,"Indian Ocean",Maldives,"Noonu Atoll, Maldives","House Reef",1
"Ostracion cubicus Linnaeus, 1758",Animalia,Chordata,Actinopterygii,Tetraodontiformes,Ostraciidae,Ostracion,"Laccadive Sea",Maldives,"Kuredu, Lhaviyani Atoll","Kuredu House Reef",1
"Ostracion cubicus Linnaeus, 1758",Animalia,Chordata,Actinopterygii,Tetraodontiformes,Ostraciidae,Ostracion,"Laccadive Sea",Maldives,"Lhaviyani Atoll","Anemone Thila",1
"Ostracion meleagris Shaw, 1796",Animalia,Chordata,Actinopterygii,Tetraodontiformes,Ostraciidae,Ostracion,"Indian Ocean",Maldives,"Male Atoll","Feydhoo Wall",1
"Ostracion nasus Bloch, 1785",Animalia,Chordata,Actinopterygii,Tetraodontiformes,Ostraciidae,Ostracion,"Indian Ocean",Maldives,"Rasdhoo Atoll","Veligandu North",1
"Palinurus elephas (Fabricius, 1787)",Animalia,Arthropoda,Malacostraca,Decapoda,Palinuridae,Palinurus,"leccadive sea",Maldives,"Dhonveli Island, North Male Atoll",Gaamaadhoo,1
"Panulirus homarus (Linnaeus, 1758)",Animalia,Arthropoda,Malacostraca,Decapoda,Palinuridae,Panulirus,"Indian Ocean",Maldives,"Kurumba Island Resort, North Male Atoll","Kurumba Reef",1
"Panulirus japonicus (Von Siebold, 1824)",Animalia,Arthropoda,Malacostraca,Decapoda,Palinuridae,Panulirus,"Laccadive Sea",Maldives,"Ari Atoll","Madivaru Rangali Manta Point",1
"Panulirus penicillatus (Olivier, 1791)",Animalia,Arthropoda,Malacostraca,Decapoda,Palinuridae,Panulirus,"Indian Ocean",Maldives,"Ari Atoll","Moofushi House Reef",2
"Panulirus penicillatus (Olivier, 1791)",Animalia,Arthropoda,Malacostraca,Decapoda,Palinuridae,Panulirus,"Indian Ocean",Maldives,"Nord Nilandhe Atoll","Filitheyo House Reef",2
"Panulirus penicillatus (Olivier, 1791)",Animalia,Arthropoda,Malacostraca,Decapoda,Palinuridae,Panulirus,"Indian Ocean",Maldives,"North Ari Atoll",Fesdu,1
"Panulirus penicillatus (Olivier, 1791)",Animalia,Arthropoda,Malacostraca,Decapoda,Palinuridae,Panulirus,"Medhufushi Meemu Atoll",Maldives,"Medhufushi Meemu Atoll","Triple Rock Medhufushi Meemu Atoll",1
"Paracanthurus hepatus (Linnaeus, 1766)",Animalia,Chordata,Actinopterygii,Perciformes,Acanthuridae,Paracanthurus,"Laccadive Sea",Maldives,"Ari Atoll","Rangali Madivaru",1
"Parachela oxygastroides (Bleeker, 1852)",Animalia,Chordata,Actinopterygii,Cypriniformes,Cyprinidae,Parachela,"Laccadive Sea",Maldives,"Lhaviyani Atoll","Anemone Thila",1
"Paragaleus pectoralis (Garman, 1906)",Animalia,Chordata,Elasmobranchii,Carcharhiniformes,Hemigaleidae,Paragaleus,"Laccadive Sea",Maldives,"Male Atoll","Nalaguraidhoo Thila",1
"Pastinachus sephen (Forsskål, 1775)",Animalia,Chordata,Elasmobranchii,Rajiformes,Dasyatidae,Pastinachus,"Indian Ocean",Maldives,"Kuramathi (Rasdhoo Atoll)","Three Palms",1
"Pastinachus sephen (Forsskål, 1775)",Animalia,Chordata,Elasmobranchii,Rajiformes,Dasyatidae,Pastinachus,"Laccadive Sea",Maldives,"South Ari Atoll","Kuduh Rah Thila",1
"Phoxocampus belcheri (Kaup, 1856)",Animalia,Chordata,Actinopterygii,Syngnathiformes,Syngnathidae,Phoxocampus,"Indian Ocean",Maldives,"Kuramathi (Rasdhoo Atoll)","Laguna Kuramathi",1
"Phyllidia varicosa Lamarck 1801",,,,,,,"Indian Ocean",Maldives,"Nord Nilandhe Atoll","Filitheyo House Reef",1
"Phyllidia varicosa Lamarck 1801",,,,,,,"Indian Ocean",Maldives,"North Ari Atoll",Fesdu,1
"Planes minutus (Linnaeus, 1758)",Animalia,Arthropoda,Malacostraca,Decapoda,Grapsidae,Planes,"Indian Ocean",Maldives,"Ari Atoll","Moofushi House Reef",1
"Platax orbicularis (Forsskål, 1775)",Animalia,Chordata,Actinopterygii,Perciformes,Ephippidae,Platax,"Indian Ocean",Maldives,"South Ari Atoll","Vilamendhoo Thila",1
"Platax teira (Forsskål, 1775)",Animalia,Chordata,Actinopterygii,Perciformes,Ephippidae,Platax,"Indian Ocean",Maldives,"Male Atoll","Waa Ggiri",1
"Platax teira (Forsskål, 1775)",Animalia,Chordata,Actinopterygii,Perciformes,Ephippidae,Platax,"Laccadive Sea",Maldives,"Kuredu, Lhaviyani Atoll","Kuredu House Reef",1
"Platax teira (Forsskål, 1775)",Animalia,Chordata,Actinopterygii,Perciformes,Ephippidae,Platax,"Laccadive Sea",Maldives,"North Ari Atoll","Fish Head",1
"Platax teira (Forsskål, 1775)",Animalia,Chordata,Actinopterygii,Perciformes,Ephippidae,Platax,"Laccadive Sea",Maldives,"North Ari Atoll","Maalhos Thila",1
"Platax teira (Forsskål, 1775)",Animalia,Chordata,Actinopterygii,Perciformes,Ephippidae,Platax,"Laccadive Sea",Maldives,"North Ari Atoll","Orimas Thila",1
"Platax teira (Forsskål, 1775)",Animalia,Chordata,Actinopterygii,Perciformes,Ephippidae,Platax,"Laccadive Sea",Maldives,"South Ari Atoll","Pineaple Thila",1
"Plectorhinchus orientalis (Bloch, 1793)",Animalia,Chordata,Actinopterygii,Perciformes,Haemulidae,Plectorhinchus,"Indian Ocean",Maldives,"Kuramathi (Rasdhoo Atoll)","Laguna Kuramathi",1
"Plectorhinchus orientalis (Bloch, 1793)",Animalia,Chordata,Actinopterygii,Perciformes,Haemulidae,Plectorhinchus,"Indian Ocean",Maldives,"Nord Nilandhe Atoll","Filitheyo House Reef",3
"Plectorhinchus orientalis (Bloch, 1793)",Animalia,Chordata,Actinopterygii,Perciformes,Haemulidae,Plectorhinchus,"Indian Ocean",Maldives,"Rasdhoo Atoll","Veligandu North",1
"Plectorhinchus orientalis (Bloch, 1793)",Animalia,Chordata,Actinopterygii,Perciformes,Haemulidae,Plectorhinchus,"Laccadive Sea",Maldives,"Kuredu, Lhaviyani Atoll","Kuredu House Reef",1
"Plectorhinchus vittatus (Linnaeus, 1758)",Animalia,Chordata,Actinopterygii,Perciformes,Haemulidae,Plectorhinchus,"Laccadive Sea",Maldives,"Lhaviyani Atoll","Mashura Outreef",1
"Plectorhinchus vittatus (Linnaeus, 1758)",Animalia,Chordata,Actinopterygii,Perciformes,Haemulidae,Plectorhinchus,"Océan indien",Maldives,"Lhaviyani Atoll",Aquarium,1
"Plectropomus laevis (Lacepède, 1801)",Animalia,Chordata,Actinopterygii,Perciformes,Serranidae,Plectropomus,"Indian Ocean",Maldives,"Nord Nilandhe Atoll, Filitheyo","The Cathedral",1
"Pomacanthus annularis (Bloch, 1787)",Animalia,Chordata,Actinopterygii,Perciformes,Pomacanthidae,Pomacanthus,"Indian Ocean",Maldives,"Rasdhoo Atoll","Veligandu North",1
"Pomacanthus imperator (Bloch, 1787)",Animalia,Chordata,Actinopterygii,Perciformes,Pomacanthidae,Pomacanthus,"Indian Ocean",Maldives,"Kuramathi (Rasdhoo Atoll)","Laguna Kuramathi",1
"Pomacanthus imperator (Bloch, 1787)",Animalia,Chordata,Actinopterygii,Perciformes,Pomacanthidae,Pomacanthus,"Laccadive Sea",Maldives,"Dhonveli Island, North Male Atoll",Aquarium,1
"Pomacanthus imperator (Bloch, 1787)",Animalia,Chordata,Actinopterygii,Perciformes,Pomacanthidae,Pomacanthus,"Laccadive Sea",Maldives,"Kuredu, Lhaviyani Atoll","Kuredu House Reef",1
"Pomacanthus semicirculatus (Cuvier, 1831)",Animalia,Chordata,Actinopterygii,Perciformes,Pomacanthidae,Pomacanthus,"Laccadive Sea",Maldives,"Male Atoll","Maldives Victory Wreck",1
"Pomacanthus xanthometopon (Bleeker, 1853)",Animalia,Chordata,Actinopterygii,Perciformes,Pomacanthidae,Pomacanthus,"Indian Ocean",Maldives,"Rasdhoo Atoll","Veligandu North",1
"Pomacanthus xanthometopon (Bleeker, 1853)",Animalia,Chordata,Actinopterygii,Perciformes,Pomacanthidae,Pomacanthus,"Indian Oceean",Maldives,"Nord Nilandhe Atoll, Filitheyo","Ayer's Rock",1
"Pomacanthus xanthometopon (Bleeker, 1853)",Animalia,Chordata,Actinopterygii,Perciformes,Pomacanthidae,Pomacanthus,"Laccadive Sea",Maldives,"Ari Atoll","Rangali Madivaru",1
"Pomacanthus xanthometopon (Bleeker, 1853)",Animalia,Chordata,Actinopterygii,Perciformes,Pomacanthidae,Pomacanthus,"Laccadive Sea",Maldives,"Dhonveli Island, North Male Atoll",Aquarium,1
"Pomacanthus xanthometopon (Bleeker, 1853)",Animalia,Chordata,Actinopterygii,Perciformes,Pomacanthidae,Pomacanthus,"South Ari Atol",Maldives,"North Ari Atoll",Raidhigaa,1
"Pomacentrus caeruleus Quoy and Gaimard, 1825",Animalia,Chordata,Actinopterygii,Perciformes,Pomacentridae,Pomacentrus,"Indian Ocean",Maldives,"Nord Nilandhe Atoll, Filitheyo","Two Brothers",1
"Pseudanthias cooperi (Regan, 1902)",Animalia,Chordata,Actinopterygii,Perciformes,Serranidae,Pseudanthias,"Dhuni Kohlu",Maldives,"Baa atoll ","Mas Giri",1
"Pseudanthias cooperi (Regan, 1902)",Animalia,Chordata,Actinopterygii,Perciformes,Serranidae,Pseudanthias,"Laccadive Sea",Maldives,"North Ari Atoll","Fish Head",1
"Pseudanthias cooperi (Regan, 1902)",Animalia,Chordata,Actinopterygii,Perciformes,Serranidae,Pseudanthias,"Laccadive Sea",Maldives,"North Ari Atoll","Maalhos Thila",1
"Pseudanthias cooperi (Regan, 1902)",Animalia,Chordata,Actinopterygii,Perciformes,Serranidae,Pseudanthias,"Laccadive Sea",Maldives,"North Ari Atoll","Orimas Thila",1
"Pseudanthias pulcherrimus (Heemstra & Randall, 1986)",Animalia,Chordata,Actinopterygii,Perciformes,Serranidae,Pseudanthias,"Dhuni Kohlu",Maldives,"Baa atoll ","Mas Giri",1
"Pseudanthias squamipinnis (Peters, 1855)",Animalia,Chordata,Actinopterygii,Perciformes,Serranidae,Pseudanthias,"Dhuni Kohlu",Maldives,"Baa atoll ","Mas Giri",1
"Pseudanthias squamipinnis (Peters, 1855)",Animalia,Chordata,Actinopterygii,Perciformes,Serranidae,Pseudanthias,"Indian Ocean",Maldives,"Nord Nilandhe Atoll","Filitheyo House Reef",3
"Pseudanthias squamipinnis (Peters, 1855)",Animalia,Chordata,Actinopterygii,Perciformes,Serranidae,Pseudanthias,"Laccadive Sea",Maldives,"North Ari Atoll","Fish Head",1
"Pseudanthias squamipinnis (Peters, 1855)",Animalia,Chordata,Actinopterygii,Perciformes,Serranidae,Pseudanthias,"Laccadive Sea",Maldives,"North Ari Atoll","Maalhos Thila",1
"Pseudanthias squamipinnis (Peters, 1855)",Animalia,Chordata,Actinopterygii,Perciformes,Serranidae,Pseudanthias,"Laccadive Sea",Maldives,"North Ari Atoll","Orimas Thila",1
"Pterocaesio pisang (Bleeker, 1853)",Animalia,Chordata,Actinopterygii,Perciformes,Caesionidae,Pterocaesio,"Indian Ocean",Maldives,"Nord Nilandhe Atoll",Cliffhanger,1
Pterois,Animalia,Chordata,Actinopterygii,Scorpaeniformes,Scorpaenidae,Pterois,"Laccadive Sea",Maldives,"Male Atoll","Nalaguraidhoo Thila",1
"Pterois antennata (Bloch, 1787)",Animalia,Chordata,Actinopterygii,Scorpaeniformes,Scorpaenidae,Pterois,"Indian Ocean",Maldives,"South Ari Atoll","Rah Digga Beyru",1
"Pterois antennata (Bloch, 1787)",Animalia,Chordata,Actinopterygii,Scorpaeniformes,Scorpaenidae,Pterois,"Laccadive Sea",Maldives,"Male Atoll","Hp Reef",1
"Pterois miles (Bennett, 1828)",Animalia,Chordata,Actinopterygii,Scorpaeniformes,Scorpaenidae,Pterois,"Indian Ocean",Maldives,"Nord Nilandhe Atoll","Filitheyo House Reef",1
"Pterois miles (Bennett, 1828)",Animalia,Chordata,Actinopterygii,Scorpaeniformes,Scorpaenidae,Pterois,"Indian Ocean",Maldives,"Nord Nilandhe Atoll, Filitheyo","The Cathedral",1
"Pterois radiata Cuvier, 1829",Animalia,Chordata,Actinopterygii,Scorpaeniformes,Scorpaenidae,Pterois,"Laccadive Sea",Maldives,"Kuredu, Lhaviyani Atoll","Kuredu House Reef",1
"Pterois volitans (Linnaeus, 1758)",Animalia,Chordata,Actinopterygii,Scorpaeniformes,Scorpaenidae,Pterois,"Indian Ocean",Maldives,"Ari Atoll","Moofushi House Reef",1
"Pterois volitans (Linnaeus, 1758)",Animalia,Chordata,Actinopterygii,Scorpaeniformes,Scorpaenidae,Pterois,"Indian Ocean",Maldives,"Hanimaadhoo Atoll","Hanimaadhoo Faru",1
"Pterois volitans (Linnaeus, 1758)",Animalia,Chordata,Actinopterygii,Scorpaeniformes,Scorpaenidae,Pterois,"Indian Ocean",Maldives,"Kurumba Island Resort, North Male Atoll","Kurumba Reef",1
"Pterois volitans (Linnaeus, 1758)",Animalia,Chordata,Actinopterygii,Scorpaeniformes,Scorpaenidae,Pterois,"Indian Ocean",Maldives,"Nord Nilandhe Atoll","Filitheyo House Reef",1
"Pterois volitans (Linnaeus, 1758)",Animalia,Chordata,Actinopterygii,Scorpaeniformes,Scorpaenidae,Pterois,"Indian Ocean",Maldives,"North Ari Atoll",Fesdu,1
"Pterois volitans (Linnaeus, 1758)",Animalia,Chordata,Actinopterygii,Scorpaeniformes,Scorpaenidae,Pterois,"Indian Ocean",Maldives,"North Ari Atoll","Fesdu Lagoon",1
"Pterois volitans (Linnaeus, 1758)",Animalia,Chordata,Actinopterygii,Scorpaeniformes,Scorpaenidae,Pterois,"Indian Ocean",Maldives,"North Ari Atoll","Fesdu Wreck",1
"Pterois volitans (Linnaeus, 1758)",Animalia,Chordata,Actinopterygii,Scorpaeniformes,Scorpaenidae,Pterois,"Indian Ocean",Maldives,"Rasdhoo Atoll","Veligandu North",1
"Pterois volitans (Linnaeus, 1758)",Animalia,Chordata,Actinopterygii,Scorpaeniformes,Scorpaenidae,Pterois,"Laccadive Sea",Maldives,"Ari Atoll","Kari Beiru Thila",1
"Pterois volitans (Linnaeus, 1758)",Animalia,Chordata,Actinopterygii,Scorpaeniformes,Scorpaenidae,Pterois,"Laccadive Sea",Maldives,"Ari Atoll","Kuda Thila",2
"Pterois volitans (Linnaeus, 1758)",Animalia,Chordata,Actinopterygii,Scorpaeniformes,Scorpaenidae,Pterois,"Laccadive Sea",Maldives,"Lhaviyani Atoll","Anemone Thila",1
"Pterois volitans (Linnaeus, 1758)",Animalia,Chordata,Actinopterygii,Scorpaeniformes,Scorpaenidae,Pterois,"Laccadive Sea",Maldives,"Male Atoll","Banana Reef",1
"Pterois volitans (Linnaeus, 1758)",Animalia,Chordata,Actinopterygii,Scorpaeniformes,Scorpaenidae,Pterois,"Laccadive Sea",Maldives,"North Ari Atoll","Maaya Thila",1
"Pterois volitans (Linnaeus, 1758)",Animalia,Chordata,Actinopterygii,Scorpaeniformes,Scorpaenidae,Pterois,"Océan indien",Maldives,"Ari Atoll Nord","Maaya Thila",1
"Pygoplites diacanthus (Boddaert, 1772)",Animalia,Chordata,Actinopterygii,Perciformes,Pomacanthidae,Pygoplites,"Laccadive Sea",Maldives,"Male Atoll","Banana Reef",1
"Remora remora (Linnaeus, 1758)",Animalia,Chordata,Actinopterygii,Perciformes,Echeneidae,remora,"Laccadive Sea",Maldives,"North Ari Atoll","Maaya Thila",1
"Rhincodon typus Smith, 1828",Animalia,Chordata,Elasmobranchii,Orectolobiformes,Rhincodontidae,Rhincodon,"Indian Ocean",Maldives,"Ari Atoll","Panettone Manta Point",1
"Rhincodon typus Smith, 1828",Animalia,Chordata,Elasmobranchii,Orectolobiformes,Rhincodontidae,Rhincodon,"Indian Ocean",Maldives,"Hanimaadhoo Atoll","Hanimaadhoo Faru",1
"Rhincodon typus Smith, 1828",Animalia,Chordata,Elasmobranchii,Orectolobiformes,Rhincodontidae,Rhincodon,"Indian Ocean",Maldives,"South Ari Atoll","Sun Island Beyru",1
"Rhincodon typus Smith, 1828",Animalia,Chordata,Elasmobranchii,Orectolobiformes,Rhincodontidae,Rhincodon,"Laccadive Sea",Maldives,"North Ari Atoll","Maamigili Whale Shark",2
"Rhincodon typus Smith, 1828",Animalia,Chordata,Elasmobranchii,Orectolobiformes,Rhincodontidae,Rhincodon,"Laccadive Sea",Maldives,"South Ari Atoll","Dhidoo Faru",1
"Rhincodon typus Smith, 1828",Animalia,Chordata,Elasmobranchii,Orectolobiformes,Rhincodontidae,Rhincodon,"Laccadive Sea",Maldives,"South Ari Atoll",Holiday,1
"Rhincodon typus Smith, 1828",Animalia,Chordata,Elasmobranchii,Orectolobiformes,Rhincodontidae,Rhincodon,"Laccadive Sea",Maldives,"South Ari Atoll","Maamigili Beru",2
"Rhincodon typus Smith, 1828",Animalia,Chordata,Elasmobranchii,Orectolobiformes,Rhincodontidae,Rhincodon,"Laccadive Sea",Maldives,"South Ari Atoll","Maamigili Beyru",1
"Rhincodon typus Smith, 1828",Animalia,Chordata,Elasmobranchii,Orectolobiformes,Rhincodontidae,Rhincodon,"Laccadive Sea",Maldives,"South Ari Atoll","Madivaru Thila",1
"Rhinecanthus aculeatus (Linnaeus, 1758)",Animalia,Chordata,Actinopterygii,Tetraodontiformes,Balistidae,Rhinecanthus,"Indian Ocean",Maldives,"Rasdhoo Atoll","Veligandu North",1
"Rhinecanthus aculeatus (Linnaeus, 1758)",Animalia,Chordata,Actinopterygii,Tetraodontiformes,Balistidae,Rhinecanthus,"Indian Ocean",Maldives,"South Ari Atoll","Bappolhi Thila",1
"Rhinecanthus aculeatus (Linnaeus, 1758)",Animalia,Chordata,Actinopterygii,Tetraodontiformes,Balistidae,Rhinecanthus,"Laccadive Sea",Maldives,"Male Atoll","Hp Reef",1
"Rhinecanthus aculeatus (Linnaeus, 1758)",Animalia,Chordata,Actinopterygii,Tetraodontiformes,Balistidae,Rhinecanthus,"Laccadive Sea",Maldives,"North Ari Atoll","Hafsa Thila",1
"Rhinecanthus rectangulus (Bloch and Schneider, 1801)",Animalia,Chordata,Actinopterygii,Tetraodontiformes,Balistidae,Rhinecanthus,"Laccadive Sea",Maldives,"North Ari Atoll","Bathalaa Maagaa Kan Thila",1
"Rhinobatos obtusus Müller & Henle, 1841",Animalia,Chordata,Elasmobranchii,Rajiformes,Rhinobatidae,Rhinobatos,"Laccadive Sea",Maldives,"South Ari Atoll","Kudarah Thila",1
"Rhizoprionodon oligolinx Springer, 1964",Animalia,Chordata,Elasmobranchii,Carcharhiniformes,Carcharhinidae,Rhizoprionodon,"Indian Ocean",Maldives,"Vaavu Atoll","Miyaru Kandy",1
"Rhizoprionodon oligolinx Springer, 1964",Animalia,Chordata,Elasmobranchii,Carcharhiniformes,Carcharhinidae,Rhizoprionodon,"Laccadive Sea",Maldives,"Male Atoll","Kandooma Thila",1
"Rhynchobatus djiddensis (Forsskål, 1775)",Animalia,Chordata,Elasmobranchii,Rajiformes,Rhinobatidae,Rhynchobatus,"Indian Ocean",Maldives,"North Male Atoll",Kanduoiygiri,1
"Scarus psittacus Forsskål, 1775",Animalia,Chordata,Actinopterygii,Perciformes,Scaridae,Scarus,"Indian Ocean",Maldives,"Nord Nilandhe Atoll","Filitheyo House Reef",3
"Scarus psittacus Forsskål, 1775",Animalia,Chordata,Actinopterygii,Perciformes,Scaridae,Scarus,"Indian Ocean",Maldives,"Rasdhoo Atoll","Veligandu North",1
"Scarus psittacus Forsskål, 1775",Animalia,Chordata,Actinopterygii,Perciformes,Scaridae,Scarus,"Laccadive Sea",Maldives,"Ari Atoll","Rangali Madivaru",1
"Scarus psittacus Forsskål, 1775",Animalia,Chordata,Actinopterygii,Perciformes,Scaridae,Scarus,"Laccadive Sea",Maldives,"Dhonveli Island, North Male Atoll",Aquarium,1
"Scarus psittacus Forsskål, 1775",Animalia,Chordata,Actinopterygii,Perciformes,Scaridae,Scarus,"Laccadive Sea",Maldives,"Kuredu, Lhaviyani Atoll","Kuredu House Reef",1
"Scarus psittacus Forsskål, 1775",Animalia,Chordata,Actinopterygii,Perciformes,Scaridae,Scarus,"Laccadive Sea",Maldives,"Male Atoll","Banana Reef",1
"Scarus psittacus Forsskål, 1775",Animalia,Chordata,Actinopterygii,Perciformes,Scaridae,Scarus,"North Ari Atoll",Maldives,"South Ari Atoll","Bulha Llohi",1
Scombridae,Animalia,Chordata,Actinopterygii,Perciformes,Scombridae,,"Laccadive Sea",Maldives,"Male Atoll","Nalaguraidhoo Thila",1
"Scorpaena russula Jordan & Bollman, 1890",Animalia,Chordata,Actinopterygii,Scorpaeniformes,Scorpaenidae,Scorpaena,"Laccadive Sea",Maldives,"North Ari Atoll","Hafsa Thila",1
"Scorpaenodes albaiensis (Evermann & Seale, 1907)",Animalia,Chordata,Actinopterygii,Scorpaeniformes,Scorpaenidae,Scorpaenodes,"Laccadive Sea",Maldives,"Ari Atoll","Kuda Thila",1
"Scorpaenopsis diabolus (Cuvier, 1829)",Animalia,Chordata,Actinopterygii,Scorpaeniformes,Scorpaenidae,Scorpaenopsis,"Indian Ocean",Maldives,"South Ari Atoll","Vilamendhoo Thila",1
"Scorpaenopsis diabolus (Cuvier, 1829)",Animalia,Chordata,Actinopterygii,Scorpaeniformes,Scorpaenidae,Scorpaenopsis,"Indian Ocean",Maldives,"Vaavu Atoll","Miyaru Thila",1
"Scorpaenopsis diabolus (Cuvier, 1829)",Animalia,Chordata,Actinopterygii,Scorpaeniformes,Scorpaenidae,Scorpaenopsis,"Laccadive Sea",Maldives,"Ari Atoll","Kuda Thila",1
"Scorpaenopsis diabolus (Cuvier, 1829)",Animalia,Chordata,Actinopterygii,Scorpaeniformes,Scorpaenidae,Scorpaenopsis,"Laccadive Sea",Maldives,"Ari Atoll","Maalhos Thila",1
"Scorpaenopsis diabolus (Cuvier, 1829)",Animalia,Chordata,Actinopterygii,Scorpaeniformes,Scorpaenidae,Scorpaenopsis,"Laccadive Sea",Maldives,"Ari Atoll","Maya Thila",1
"Sebastapistes cyanostigma (Bleeker, 1856)",Animalia,Chordata,Actinopterygii,Scorpaeniformes,Scorpaenidae,Sebastapistes,"Laccadive Sea",Maldives,"Male Atoll","Banana Reef",1
"Selar crumenophthalmus (Bloch, 1793)",Animalia,Chordata,Actinopterygii,Perciformes,Carangidae,Selar,"Indian Ocean",Maldives,"Nord Nilandhe Atoll","Filitheyo House Reef",2
"Solenostomus paradoxus (Pallas, 1770)",Animalia,Chordata,Actinopterygii,Syngnathiformes,Solenostomidae,Solenostomus,"Indian Ocean",Maldives,"Nord Nilandhe Atoll","Filitheyo House Reef",3
"Sparisoma chrysopterum (Bloch and Schneider, 1801)",Animalia,Chordata,Actinopterygii,Perciformes,Scaridae,Sparisoma,"Meemu Atoll",Maldives,"Medhufushi Meemu Atoll","Medhufushi Tilas",1
"Sphyraena forsteri Cuvier, 1829",Animalia,Chordata,Actinopterygii,Perciformes,Sphyraenidae,Sphyraena,"Laccadive Sea",Maldives,"North Ari Atoll","Maaya Thila",1
"Sphyraena obtusata Cuvier, 1829",Animalia,Chordata,Actinopterygii,Perciformes,Sphyraenidae,Sphyraena,"Laccadive Sea",Maldives,"Ari Atoll","Kuda Thila",1
"Sphyraena obtusata Cuvier, 1829",Animalia,Chordata,Actinopterygii,Perciformes,Sphyraenidae,Sphyraena,"Laccadive Sea",Maldives,"Ari Atoll","Maya Thila",1
"Sphyraena obtusata Cuvier, 1829",Animalia,Chordata,Actinopterygii,Perciformes,Sphyraenidae,Sphyraena,"Laccadive Sea",Maldives,"North Ari Atoll","Halaveli Wreck",1
"Sphyrna lewini (Griffith and Smith, 1834)",Animalia,Chordata,Elasmobranchii,Carcharhiniformes,Sphyrnidae,Sphyrna,"Indian Ocean",Maldives,"Kuramathi (Rasdhoo Atoll)","Hammerhead Point",1
"Sphyrna lewini (Griffith and Smith, 1834)",Animalia,Chordata,Elasmobranchii,Carcharhiniformes,Sphyrnidae,Sphyrna,"Indian Ocean",Maldives,"Kuramathi (Rasdhoo Atoll)",Madivaru,1
"Sphyrna mokarran (Rüppell, 1837)",Animalia,Chordata,Elasmobranchii,Carcharhiniformes,Sphyrnidae,Sphyrna,"Indian Ocean",Maldives,"Kuramathi (Rasdhoo Atoll)","Laguna Kuramathi",1
"Spongia officinalis Linnaeus, 1759",Animalia,Porifera,Demospongiae,Dictyoceratida,Spongiidae,Spongia,"Indian Ocean",Maldives,"Vaavu Atoll","Miyaru Thila",1
"Stegostoma fasciatum (Hermann, 1783)",Animalia,Chordata,Elasmobranchii,Orectolobiformes,Stegostomatidae,Stegostoma,"Indian Ocean",Maldives,"North Male Atoll","Faru Beyru",1
"Stichodactyla mertensii Brandt, 1835",Animalia,Cnidaria,Anthozoa,Actiniaria,Stichodactylidae,Stichodactyla,"Laccadive Sea",Maldives,"Dhonveli Island, North Male Atoll",Aquarium,1
"Sufflamen chrysopterum (Bloch & Schneider, 1801)",Animalia,Chordata,Actinopterygii,Tetraodontiformes,Balistidae,Sufflamen,"Laccadive Sea",Maldives,"Male Atoll","Kuda Giri Wreck",1
"Synanceia verrucosa Bloch & Schneider, 1801",Animalia,Chordata,Actinopterygii,Scorpaeniformes,Synanceiidae,Synanceia,"Indian Ocean",Maldives,"Nord Nilandhe Atoll, Filitheyo","Two Brothers",1
"Synanceia verrucosa Bloch & Schneider, 1801",Animalia,Chordata,Actinopterygii,Scorpaeniformes,Synanceiidae,Synanceia,"Indian Ocean",Maldives,"South Ari Atoll","Kudhimaa Wreck",1
"Synanceia verrucosa Bloch & Schneider, 1801",Animalia,Chordata,Actinopterygii,Scorpaeniformes,Synanceiidae,Synanceia,"Laccadive Sea",Maldives,"Male Atoll","Banana Reef",1
"Taenianotus triacanthus Lacepède, 1802",Animalia,Chordata,Actinopterygii,Scorpaeniformes,Scorpaenidae,Taenianotus,"Indian Ocean",Maldives,"Nord Nilandhe Atoll, Filitheyo","Two Brothers",1
"Taenianotus triacanthus Lacepède, 1802",Animalia,Chordata,Actinopterygii,Scorpaeniformes,Scorpaenidae,Taenianotus,"Laccadive Sea",Maldives,"Male Atoll","Kuda Giri Wreck",1
"Taeniura meyeni Müller and Henle, 1841",Animalia,Chordata,Elasmobranchii,Rajiformes,Dasyatidae,Taeniura,"Indian Ocean",Maldives,"North Ari Atoll","Fesdu Wreck",1
"Taeniura meyeni Müller and Henle, 1841",Animalia,Chordata,Elasmobranchii,Rajiformes,Dasyatidae,Taeniura,"Laccadive Sea",Maldives,"North Ari Atoll","Bathalaa Maagaa Kan Thila",1
Testudines,Animalia,Chordata,Reptilia,Testudines,,,"Laccadive Sea",Maldives,"Male Atoll","Nalaguraidhoo Thila",1
"Thalassoma hardwicke (Bennett, 1830)",Animalia,Chordata,Actinopterygii,Perciformes,Labridae,Thalassoma,"Indian Ocean",Maldives,"Nord Nilandhe Atoll","Filitheyo House Reef",3
"Thalassoma purpureum (Forsskål, 1775)",Animalia,Chordata,Actinopterygii,Perciformes,Labridae,Thalassoma,"Laccadive Sea",Maldives,"Male Atoll","Kuda Giri Wreck",1
"Thunnus alalunga (Bonnaterre, 1788)",Animalia,Chordata,Actinopterygii,Perciformes,Scombridae,Thunnus,"leccadive sea",Maldives,"Dhonveli Island, North Male Atoll",Gaamaadhoo,1
"Thunnus tonggol (Bleeker, 1851)",Animalia,Chordata,Actinopterygii,Perciformes,Scombridae,Thunnus,"Fonimagoodhoo Island, Baa Atoll",Maldives,"Fonimagoodhoo Island, Baa Atoll","Reethi House Reef",1
"Thunnus tonggol (Bleeker, 1851)",Animalia,Chordata,Actinopterygii,Perciformes,Scombridae,Thunnus,"Laccadive Sea",Maldives,"Dhonveli Island, North Male Atoll",Aquarium,1
"Triaenodon obesus (Rüppell, 1837)",Animalia,Chordata,Elasmobranchii,Carcharhiniformes,Carcharhinidae,Triaenodon,"Indian Ocean",Maldives,"atoll sud","Origandu Finolhu",1
"Triaenodon obesus (Rüppell, 1837)",Animalia,Chordata,Elasmobranchii,Carcharhiniformes,Carcharhinidae,Triaenodon,"Indian Ocean",Maldives,"Kuramathi (Rasdhoo Atoll)",Caves,1
"Triaenodon obesus (Rüppell, 1837)",Animalia,Chordata,Elasmobranchii,Carcharhiniformes,Carcharhinidae,Triaenodon,"Indian Ocean",Maldives,"Kuramathi (Rasdhoo Atoll)","Laguna Kuramathi",1
"Triaenodon obesus (Rüppell, 1837)",Animalia,Chordata,Elasmobranchii,Carcharhiniformes,Carcharhinidae,Triaenodon,"Indian Ocean",Maldives,"Kuramathi (Rasdhoo Atoll)",Madivaru,3
"Triaenodon obesus (Rüppell, 1837)",Animalia,Chordata,Elasmobranchii,Carcharhiniformes,Carcharhinidae,Triaenodon,"Indian Ocean",Maldives,"Male' Atoll","Manta Point",1
"Triaenodon obesus (Rüppell, 1837)",Animalia,Chordata,Elasmobranchii,Carcharhiniformes,Carcharhinidae,Triaenodon,"Indian Ocean",Maldives,"Nord Nilandhe Atoll","Filitheyo House Reef",2
"Triaenodon obesus (Rüppell, 1837)",Animalia,Chordata,Elasmobranchii,Carcharhiniformes,Carcharhinidae,Triaenodon,"Indian Ocean",Maldives,"Nord Nilandhe Atoll, Filitheyo","Two Brothers",1
"Triaenodon obesus (Rüppell, 1837)",Animalia,Chordata,Elasmobranchii,Carcharhiniformes,Carcharhinidae,Triaenodon,"Indian Ocean",Maldives,"North Ari Atoll","Fesdu Lagoon",1
"Triaenodon obesus (Rüppell, 1837)",Animalia,Chordata,Elasmobranchii,Carcharhiniformes,Carcharhinidae,Triaenodon,"Indian Ocean",Maldives,"North Ari Atoll","Fesdu Wreck",1
"Triaenodon obesus (Rüppell, 1837)",Animalia,Chordata,Elasmobranchii,Carcharhiniformes,Carcharhinidae,Triaenodon,"Indian Ocean",Maldives,"North Ari Atoll","Fish Head",2
"Triaenodon obesus (Rüppell, 1837)",Animalia,Chordata,Elasmobranchii,Carcharhiniformes,Carcharhinidae,Triaenodon,"Indian Ocean",Maldives,"Rasdhoo Atoll","Veligandu North",1
"Triaenodon obesus (Rüppell, 1837)",Animalia,Chordata,Elasmobranchii,Carcharhiniformes,Carcharhinidae,Triaenodon,"Indian Ocean",Maldives,"South Ari Atoll",Madivaru,1
"Triaenodon obesus (Rüppell, 1837)",Animalia,Chordata,Elasmobranchii,Carcharhiniformes,Carcharhinidae,Triaenodon,"Indian Ocean",Maldives,"South Ari Atoll","Shark Point",1
"Triaenodon obesus (Rüppell, 1837)",Animalia,Chordata,Elasmobranchii,Carcharhiniformes,Carcharhinidae,Triaenodon,"Indian Ocean",Maldives,"South Ari Atoll","Sun Island Beyru",1
"Triaenodon obesus (Rüppell, 1837)",Animalia,Chordata,Elasmobranchii,Carcharhiniformes,Carcharhinidae,Triaenodon,"Indian Ocean",Maldives,"South Ari Atoll","Vilamendhoo Thila",1
"Triaenodon obesus (Rüppell, 1837)",Animalia,Chordata,Elasmobranchii,Carcharhiniformes,Carcharhinidae,Triaenodon,"Indian Ocean",Maldives,"Vaavu Atoll","Alimatha Jetty",1
"Triaenodon obesus (Rüppell, 1837)",Animalia,Chordata,Elasmobranchii,Carcharhiniformes,Carcharhinidae,Triaenodon,"Indian Ocean",Maldives,"Vaavu Atoll","Miyaru Kandy",3
"Triaenodon obesus (Rüppell, 1837)",Animalia,Chordata,Elasmobranchii,Carcharhiniformes,Carcharhinidae,Triaenodon,"Indian Ocean",Maldives,"Vaavu Atoll","Miyaru Thila",1
"Triaenodon obesus (Rüppell, 1837)",Animalia,Chordata,Elasmobranchii,Carcharhiniformes,Carcharhinidae,Triaenodon,"Laccadive Sea",Maldives,"Ari Atoll","Bodu Tin Thila",1
"Triaenodon obesus (Rüppell, 1837)",Animalia,Chordata,Elasmobranchii,Carcharhiniformes,Carcharhinidae,Triaenodon,"Laccadive Sea",Maldives,"Ari Atoll","Fish Head Mushi Mas Mingili Thila",1
"Triaenodon obesus (Rüppell, 1837)",Animalia,Chordata,Elasmobranchii,Carcharhiniformes,Carcharhinidae,Triaenodon,"Laccadive Sea",Maldives,"Ari Atoll","Maalhos Thila",1
"Triaenodon obesus (Rüppell, 1837)",Animalia,Chordata,Elasmobranchii,Carcharhiniformes,Carcharhinidae,Triaenodon,"Laccadive Sea",Maldives,"Ari Atoll","Maaya Thila",1
"Triaenodon obesus (Rüppell, 1837)",Animalia,Chordata,Elasmobranchii,Carcharhiniformes,Carcharhinidae,Triaenodon,"Laccadive Sea",Maldives,"Ari Atoll","Maya Thila",1
"Triaenodon obesus (Rüppell, 1837)",Animalia,Chordata,Elasmobranchii,Carcharhiniformes,Carcharhinidae,Triaenodon,"Laccadive Sea",Maldives,"Dhonveli Island, North Male Atoll",Aquarium,1
"Triaenodon obesus (Rüppell, 1837)",Animalia,Chordata,Elasmobranchii,Carcharhiniformes,Carcharhinidae,Triaenodon,"Laccadive Sea",Maldives,"Lhaviyani Atoll","Kuredu Express",1
"Triaenodon obesus (Rüppell, 1837)",Animalia,Chordata,Elasmobranchii,Carcharhiniformes,Carcharhinidae,Triaenodon,"Laccadive Sea",Maldives,"Male Atoll","Guraidhoo Corner",2
"Triaenodon obesus (Rüppell, 1837)",Animalia,Chordata,Elasmobranchii,Carcharhiniformes,Carcharhinidae,Triaenodon,"Laccadive Sea",Maldives,"Male Atoll","Kandooma Thila",3
"Triaenodon obesus (Rüppell, 1837)",Animalia,Chordata,Elasmobranchii,Carcharhiniformes,Carcharhinidae,Triaenodon,"Laccadive Sea",Maldives,"Male Atoll","Middle Point",1
"Triaenodon obesus (Rüppell, 1837)",Animalia,Chordata,Elasmobranchii,Carcharhiniformes,Carcharhinidae,Triaenodon,"Laccadive Sea",Maldives,"Male Atoll","Nassimo Thila",1
"Triaenodon obesus (Rüppell, 1837)",Animalia,Chordata,Elasmobranchii,Carcharhiniformes,Carcharhinidae,Triaenodon,"Laccadive Sea",Maldives,"North Ari Atoll","Bathalaa Maagaa Kan Thila",1
"Triaenodon obesus (Rüppell, 1837)",Animalia,Chordata,Elasmobranchii,Carcharhiniformes,Carcharhinidae,Triaenodon,"Laccadive Sea",Maldives,"North Ari Atoll","Hafsa Thila",2
"Triaenodon obesus (Rüppell, 1837)",Animalia,Chordata,Elasmobranchii,Carcharhiniformes,Carcharhinidae,Triaenodon,"Laccadive Sea",Maldives,"North Ari Atoll","Kandol Manta Point",2
"Triaenodon obesus (Rüppell, 1837)",Animalia,Chordata,Elasmobranchii,Carcharhiniformes,Carcharhinidae,Triaenodon,"Laccadive Sea",Maldives,"North Ari Atoll","Maalhos Thila",1
"Triaenodon obesus (Rüppell, 1837)",Animalia,Chordata,Elasmobranchii,Carcharhiniformes,Carcharhinidae,Triaenodon,"Laccadive Sea",Maldives,"North Ari Atoll","Maaya Thila",6
"Triaenodon obesus (Rüppell, 1837)",Animalia,Chordata,Elasmobranchii,Carcharhiniformes,Carcharhinidae,Triaenodon,"Laccadive Sea",Maldives,"South Male Atoll","Kandhooma Thila",1
"Triaenodon obesus (Rüppell, 1837)",Animalia,Chordata,Elasmobranchii,Carcharhiniformes,Carcharhinidae,Triaenodon,Meeru,Maldives,"North Male Atoll","Miyaru Faru",1
"Triaenodon obesus (Rüppell, 1837)",Animalia,Chordata,Elasmobranchii,Carcharhiniformes,Carcharhinidae,Triaenodon,"OCEANS INDIEN",Maldives,"Male Atoll","Losrichi Corner",1
"Tursiops truncatus (Montagu, 1821)",,,,,Delphinidae,Tursiops,"Indian Ocean",Maldives,"Kuramathi (Rasdhoo Atoll)","Hammerhead Point",1
"Urogymnus asperrimus (Bloch and Schneider, 1801)",Animalia,Chordata,Elasmobranchii,Rajiformes,Dasyatidae,Urogymnus,"Indian Ocean",Maldives,"North Male Atoll","Sheraton Lagoon",2
"Xenentodon cancila (Hamilton, 1822)",Animalia,Chordata,Actinopterygii,Beloniformes,Belonidae,Xenentodon,"Indian Ocean",Maldives,"Rasdhoo Atoll","Veligandu North",1
"Zanclus cornutus (Linnaeus, 1758)",Animalia,Chordata,Actinopterygii,Perciformes,Zanclidae,Zanclus,"Laccadive Sea",Maldives,"Male Atoll","Kuda Giri Wreck",1
"Zostera marina L.",,,,,,,"Indian Ocean",Maldives,"North Ari Atoll","Fesdu Lagoon",1
"Zostera marina L.",,,,,,,"Indian Ocean",Maldives,"North Ari Atoll","Fesdu Wreck",1
